,calories,proteins,fat,carbohydrate
0,0.2978723404255319,0.1108433734939759,0.284,0.0
1,0.5457446808510639,0.2855421686746988,0.37,0.03292117465224111
2,0.0,0.0,0.002,0.0
3,0.047872340425531915,0.013253012048192772,0.004,0.01669242658423493
4,0.039361702127659576,0.05301204819277109,0.005,0.0058732612055641415
5,0.09042553191489362,0.010843373493975905,0.065,0.011901081916537867
6,0.1021276595744681,0.04457831325301205,0.006,0.029520865533230294
7,0.44042553191489364,0.3204819277108434,0.18300000000000002,0.06383307573415764
8,0.0797872340425532,0.04939759036144578,0.021,0.016537867078825347
9,0.07127659574468086,0.060240963855421686,0.021,0.012519319938176197
10,0.19574468085106383,0.22650602409638557,0.14,0.0
11,0.1851063829787234,0.23614457831325303,0.1,0.0
12,0.2021276595744681,0.23012048192771087,0.12,0.0
13,0.10531914893617021,0.05542168674698795,0.01,0.027820710973724884
14,0.026595744680851064,0.01927710843373494,0.002,0.008191653786707881
15,0.031914893617021274,0.006024096385542169,0.002,0.010510046367851623
16,0.37659574468085105,0.19759036144578312,0.315,0.0
17,0.13404255319148936,0.04096385542168675,0.079,0.015919629057187017
18,0.06170212765957447,0.0036144578313253013,0.004,0.02302936630602782
19,0.06063829787234043,0.006024096385542169,0.004,0.019783616692426585
20,0.039361702127659576,0.00963855421686747,0.005,0.012828438948995364
21,0.12021276595744682,0.010843373493975905,0.07200000000000001,0.01731066460587326
22,0.10851063829787234,0.012048192771084338,0.002,0.03724884080370943
23,0.2946808510638298,0.02891566265060241,0.25,0.016537867078825347
24,0.0797872340425532,0.0024096385542168677,0.011000000000000001,0.024884080370942814
25,0.2542553191489362,0.033734939759036145,0.006,0.09659969088098917
26,0.14361702127659576,0.00963855421686747,0.004,0.04961360123647605
27,0.2776595744680851,0.010843373493975905,0.016,0.09783616692426583
28,0.10425531914893617,0.046987951807228916,0.026000000000000002,0.02287480680061824
29,0.32127659574468087,0.21927710843373494,0.25,0.0
30,0.3159574468085106,0.43253012048192774,0.152,0.002472952086553323
31,0.2872340425531915,0.38915662650602406,0.11199999999999999,0.015301391035548687
32,0.0797872340425532,0.16626506024096388,0.019,0.0010819165378670788
33,0.31382978723404253,0.4096385542168675,0.16,0.00231839258114374
34,0.3595744680851064,0.4240963855421687,0.20600000000000002,0.0006182380216383308
35,0.2925531914893617,0.45060240963855425,0.122,0.002009273570324575
36,0.3170212765957447,0.4120481927710844,0.168,0.0001545595054095827
37,0.30425531914893617,0.3867469879518073,0.161,0.0017001545595054096
38,0.31382978723404253,0.47228915662650606,0.136,0.0015455950540958269
39,0.30531914893617024,0.3734939759036145,0.157,0.0026275115919629057
40,0.26170212765957446,0.4566265060240964,0.09,0.0010819165378670788
41,0.26063829787234044,0.3987951807228916,0.114,0.00046367851622874804
42,0.31382978723404253,0.45060240963855425,0.147,0.0009273570324574961
43,0.25957446808510637,0.4421686746987952,0.092,0.0015455950540958269
44,0.30106382978723406,0.4301204819277109,0.14300000000000002,0.0007727975270479134
45,0.2776595744680851,0.3301204819277108,0.161,0.002472952086553323
46,0.28085106382978725,0.21927710843373494,0.201,0.004173106646058733
47,0.5031914893617021,0.5445783132530121,0.263,0.021483771251931995
48,0.12021276595744682,0.21204819277108436,0.042,0.0
49,0.4819148936170213,0.14337349397590363,0.45,0.0
50,0.3946808510638298,0.16987951807228915,0.35000000000000003,0.0
51,0.11702127659574468,0.1963855421686747,0.046,0.0012364760432766616
52,0.1372340425531915,0.23734939759036144,0.048,0.0026275115919629057
53,0.522340425531915,0.29638554216867474,0.163,0.0003091190108191654
54,0.10946808510638299,0.03975903614457831,0.027000000000000003,0.02519319938176198
55,0.4787234042553192,0.03855421686746988,0.139,0.12071097372488407
56,0.48085106382978726,0.01566265060240964,0.138,0.12457496136012364
57,0.5627659574468086,0.03855421686746988,0.29100000000000004,0.0982998454404946
58,0.5563829787234043,0.03855421686746988,0.282,0.0992272024729521
59,0.44255319148936173,0.0783132530120482,0.094,0.11792890262751159
60,0.4063829787234043,0.0036144578313253013,0.035,0.1347758887171561
61,0.1372340425531915,0.02289156626506024,0.066,0.0241112828438949
62,0.2893617021276596,0.10481927710843374,0.067,0.06816074188562597
63,0.08085106382978724,0.04939759036144578,0.025,0.014219474497681605
64,0.02872340425531915,0.024096385542168676,0.002,0.006491499227202473
65,0.2978723404255319,0.09879518072289156,0.102,0.06027820710973725
66,0.013829787234042554,0.004819277108433735,0.002,0.00463678516228748
67,0.2021276595744681,0.03975903614457831,0.003,0.06723338485316847
68,0.16914893617021276,0.03734939759036145,0.057999999999999996,0.03632148377125193
69,0.14574468085106385,0.051807228915662654,0.048,0.029520865533230294
70,0.11382978723404255,0.026506024096385545,0.022000000000000002,0.030293663060278208
71,0.08085106382978724,0.013253012048192772,0.009000000000000001,0.02472952086553323
72,0.11702127659574468,0.016867469879518072,0.011000000000000001,0.036166924265842344
73,0.09787234042553192,0.014457831325301205,0.003,0.03245749613601236
74,0.09468085106382979,0.013253012048192772,0.001,0.03245749613601236
75,0.19361702127659575,0.02891566265060241,0.004,0.0652241112828439
76,0.047872340425531915,0.016867469879518072,0.002,0.015919629057187017
77,0.04148936170212766,0.01807228915662651,0.003,0.0003091190108191654
78,0.10106382978723405,0.05421686746987952,0.002,0.0357032457496136
79,0.031914893617021274,0.01566265060240964,0.006999999999999999,0.008964451313755796
80,0.05425531914893617,0.05542168674698795,0.005,0.015455950540958269
81,0.043617021276595745,0.026506024096385545,0.008,0.009737248840803708
82,0.02446808510638298,0.014457831325301205,0.006,0.00571870170015456
83,0.03829787234042553,0.042168674698795185,0.005,0.010046367851622875
84,0.10851063829787234,0.04457831325301205,0.067,0.010664605873261205
85,0.05106382978723405,0.016867469879518072,0.042,0.00401854714064915
86,0.3468085106382979,0.1927710843373494,0.28600000000000003,0.0
87,0.3223404255319149,0.13614457831325302,0.27,0.00571870170015456
88,0.3191489361702128,0.28915662650602414,0.207,0.006955177743431221
89,0.06914893617021277,0.013253012048192772,0.052000000000000005,0.005409582689335394
90,0.274468085106383,0.12771084337349398,0.095,0.05023183925811437
91,0.16063829787234044,0.10361445783132531,0.031000000000000003,0.03446676970633694
92,0.14042553191489363,0.11807228915662651,0.011000000000000001,0.031993817619783614
93,0.12340425531914893,0.14337349397590363,0.049,0.009428129829984543
94,0.08297872340425531,0.13734939759036147,0.02,0.0055641421947449764
95,0.13936170212765958,0.24337349397590363,0.043,0.004327666151468315
96,0.03829787234042553,0.004819277108433735,0.004,0.013601236476043277
97,0.15425531914893617,0.014457831325301205,0.004,0.052859350850077286
98,0.44361702127659575,0.3120481927710843,0.19399999999999998,0.04945904173106646
99,0.07446808510638298,0.17590361445783134,0.008,0.0015455950540958269
100,0.09893617021276596,0.15421686746987953,0.015,0.009428129829984543
101,0.05851063829787234,0.016867469879518072,0.002,0.019783616692426585
102,0.10425531914893617,0.01927710843373494,0.006999999999999999,0.03230293663060278
103,0.07553191489361702,0.027710843373493974,0.003,0.023802163833075735
104,0.3723404255319149,0.032530120481927716,0.011000000000000001,0.12720247295208656
105,0.3872340425531915,0.04096385542168675,0.006999999999999999,0.13338485316846985
106,0.3829787234042553,0.0819277108433735,0.006999999999999999,0.12194744976816074
107,0.18936170212765957,0.025301204819277112,0.001,0.06275115919629057
108,0.3797872340425532,0.10120481927710845,0.017,0.11916537867078825
109,0.3925531914893617,0.11445783132530121,0.013999999999999999,0.11916537867078825
110,0.3797872340425532,0.10120481927710845,0.017,0.11916537867078825
111,0.37340425531914895,0.0963855421686747,0.013000000000000001,0.1188562596599691
112,0.38085106382978723,0.06626506024096386,0.001,0.12782071097372488
113,0.32659574468085106,0.05783132530120482,0.001,0.11097372488408036
114,0.37872340425531914,0.08433734939759037,0.006999999999999999,0.1205564142194745
115,0.1925531914893617,0.04819277108433735,0.012,0.05765069551777434
116,0.17659574468085107,0.04578313253012048,0.01,0.05316846986089644
117,0.3829787234042553,0.0963855421686747,0.023,0.1151468315301391
118,0.3829787234042553,0.0963855421686747,0.023,0.1151468315301391
119,0.3851063829787234,0.08072289156626507,0.006999999999999999,0.12272024729520867
120,0.17340425531914894,0.03614457831325302,0.004,0.055177743431221025
121,0.18297872340425533,0.03614457831325302,0.005,0.05795981452859351
122,0.3840425531914894,0.0891566265060241,0.008,0.12117465224111283
123,0.3840425531914894,0.0891566265060241,0.008,0.12117465224111283
124,0.4,0.09036144578313253,0.038,0.1205564142194745
125,0.3606382978723404,0.0927710843373494,0.044000000000000004,0.11282843894899536
126,0.3851063829787234,0.0927710843373494,0.044000000000000004,0.11282843894899536
127,0.3819148936170213,0.09036144578313253,0.009000000000000001,0.11993817619783616
128,0.3872340425531915,0.0819277108433735,0.006,0.12380216383307573
129,0.37553191489361704,0.0819277108433735,0.006,0.12364760432766615
130,0.35638297872340424,0.0891566265060241,0.019,0.11777434312210201
131,0.3861702127659575,0.09156626506024096,0.011000000000000001,0.12102009273570324
132,0.36595744680851067,0.013253012048192772,0.002,0.0437403400309119
133,0.37659574468085105,0.09397590361445783,0.004,0.12349304482225658
134,0.37446808510638296,0.08795180722891567,0.009000000000000001,0.11777434312210201
135,0.15425531914893617,0.1963855421686747,0.07,0.00633693972179289
136,0.3829787234042553,0.05662650602409639,0.001,0.12689335394126738
137,0.16382978723404257,0.03614457831325302,0.045,0.03941267387944358
138,0.4053191489361702,0.07349397590361446,0.039,0.12411128284389489
139,0.37659574468085105,0.006024096385542169,0.003,0.13508500772797527
140,0.3702127659574468,0.05662650602409639,0.001,0.12689335394126738
141,0.597872340425532,0.25542168674698795,0.49600000000000005,0.03647604327666151
142,0.6691489361702128,0.25903614457831325,0.5660000000000001,0.030602782071097373
143,0.27872340425531916,0.027710843373493974,0.054000000000000006,0.07897990726429675
144,0.21170212765957447,0.025301204819277112,0.015,0.06862442040185471
145,0.2401063829787234,0.03614457831325302,0.003,0.08176197836166924
146,0.05106382978723405,0.007228915662650603,0.0,0.0068006182380216385
147,0.48723404255319147,0.08313253012048194,0.14400000000000002,0.11607418856259659
148,0.04468085106382979,0.01927710843373494,0.001,0.014837712519319937
149,0.05425531914893617,0.0036144578313253013,0.001,0.018701700154559506
150,0.04574468085106383,0.03132530120481928,0.0,0.01792890262751159
151,0.26063829787234044,0.04096385542168675,0.0,0.10231839258114374
152,0.12659574468085105,0.05301204819277109,0.035,0.028284389489953633
153,0.02446808510638298,0.012048192771084338,0.008,0.011128284389489953
154,0.023404255319148935,0.012048192771084338,0.003,0.007264296754250387
155,0.19787234042553192,0.14096385542168674,0.09699999999999999,0.02009273570324575
156,0.2648936170212766,0.04096385542168675,0.004,0.08964451313755796
157,0.425531914893617,0.04819277108433735,0.006999999999999999,0.1472952086553323
158,0.15,0.1843373493975904,0.033,0.019474497681607417
159,0.02446808510638298,0.00963855421686747,0.002,0.0080370942812983
160,0.11702127659574468,0.016867469879518072,0.021,0.033075734157650694
161,0.04042553191489362,0.01807228915662651,0.002,0.011591962905718702
162,0.28085106382978725,0.04819277108433735,0.011000000000000001,0.09211746522411128
163,0.04148936170212766,0.008433734939759036,0.002,0.01499227202472952
164,0.0925531914893617,0.03132530120481928,0.027000000000000003,0.02024729520865533
165,0.07553191489361702,0.020481927710843374,0.031000000000000003,0.014064914992272025
166,0.059574468085106386,0.00963855421686747,0.01,0.016846986089644512
167,0.05851063829787234,0.014457831325301205,0.001,0.018856259659969087
168,0.1074468085106383,0.020481927710843374,0.006,0.03894899536321483
169,0.08297872340425531,0.007228915662650603,0.003,0.02812982998454405
170,0.12021276595744682,0.00963855421686747,0.003,0.04142194744976816
171,0.030851063829787233,0.025301204819277112,0.006999999999999999,0.0055641421947449764
172,0.07127659574468086,0.004819277108433735,0.002,0.02457496136012365
173,0.38829787234042556,0.5975903614457831,0.048,0.04760432766615147
174,0.06382978723404255,0.012048192771084338,0.6,0.02009273570324575
175,0.1776595744680851,0.0024096385542168677,0.04,0.05100463678516229
176,0.16595744680851063,0.027710843373493974,0.002,0.0241112828438949
177,0.07659574468085106,0.13734939759036147,0.049,0.0021638330757341576
178,0.225531914893617,0.20361445783132529,0.002,0.07357032457496136
179,0.2521276595744681,0.17710843373493976,0.002,0.0865533230293663
180,0.03723404255319149,0.02891566265060241,0.002,0.011901081916537867
181,0.06382978723404255,0.06144578313253012,0.005,0.013137557959814528
182,0.031914893617021274,0.026506024096385545,0.002,0.009891808346213293
183,0.047872340425531915,0.03132530120481928,0.003,0.012519319938176197
184,0.04468085106382979,0.024096385542168676,0.011000000000000001,0.009428129829984543
185,0.35425531914893615,0.3530120481927711,0.033,0.07727975270479134
186,0.3574468085106383,0.45060240963855425,0.13,0.04714064914992272
187,0.39148936170212767,0.27710843373493976,0.15,0.061823802163833076
188,0.1127659574468085,0.05301204819277109,0.063,0.012210200927357032
189,0.15,0.05301204819277109,0.102,0.012364760432766615
190,0.13372340425531914,0.03975903614457831,0.019,0.03693972179289026
191,0.298936170212766,0.45180722891566266,0.003,0.04961360123647605
192,0.04042553191489362,0.01927710843373494,0.008,0.009737248840803708
193,0.027659574468085108,0.008433734939759036,0.003,0.0080370942812983
194,0.3904255319148936,0.19156626506024096,0.062000000000000006,0.0955177743431221
195,0.03829787234042553,0.012048192771084338,0.003,0.011282843894899535
196,0.1276595744680851,0.05662650602409639,0.024,0.030757341576506954
197,0.02127659574468085,0.020481927710843374,0.004,0.005255023183925811
198,0.1648936170212766,0.24216867469879522,0.038,0.015765069551777432
199,0.34361702127659577,0.05903614457831326,0.115,0.07743431221020093
200,0.10851063829787234,0.03855421686746988,0.06,0.013446676970633693
201,0.3893617021276596,0.13253012048192772,0.033,0.11282843894899536
202,0.10319148936170212,0.06987951807228916,0.063,0.006491499227202473
203,0.025531914893617023,0.02289156626506024,0.002,0.00571870170015456
204,0.48936170212765956,0.00963855421686747,0.187,0.02658423493044822
205,0.12340425531914893,0.03614457831325302,0.004,0.04420401854714065
206,0.35106382978723405,0.06265060240963856,0.08900000000000001,0.08871715610510046
207,0.35319148936170214,0.13253012048192772,0.033,0.11282843894899536
208,0.49148936170212765,0.014457831325301205,0.207,0.10463678516228749
209,0.17872340425531916,0.1566265060240964,0.096,0.011591962905718702
210,0.15212765957446808,0.11807228915662651,0.013999999999999999,0.03523956723338485
211,0.33085106382978724,0.0963855421686747,0.04,0.07557959814528593
212,0.5021276595744681,0.024096385542168676,0.298,0.09690880989180835
213,0.5361702127659574,0.06626506024096386,0.529,0.04513137557959814
214,0.4053191489361702,0.10843373493975904,0.35000000000000003,0.08284389489953632
215,0.22340425531914895,0.01927710843373494,0.066,0.0553323029366306
216,0.25638297872340426,0.1927710843373494,0.25,0.0
217,0.1021276595744681,0.0819277108433735,0.059000000000000004,0.0058732612055641415
218,0.08936170212765958,0.07228915662650603,0.06,0.0021638330757341576
219,0.15425531914893617,0.3253012048192771,0.023,0.0
220,0.012765957446808512,0.0012048192771084338,0.001,0.0077279752704791345
221,0.28191489361702127,0.48915662650602415,0.10099999999999999,0.0
222,0.0797872340425532,0.19397590361445785,0.006999999999999999,0.0001545595054095827
223,0.2021276595744681,0.23012048192771087,0.12,0.0
224,0.20319148936170214,0.3855421686746988,0.06,0.0
225,0.48617021276595745,0.13975903614457832,0.45,0.0
226,0.4,0.16987951807228915,0.35000000000000003,0.0
227,0.21914893617021278,0.2060240963855422,0.14800000000000002,0.0
228,0.16382978723404257,0.20000000000000004,0.092,0.0
229,0.08936170212765958,0.22530120481927712,0.005,0.0
230,0.12553191489361704,0.21807228915662655,0.040999999999999995,0.0013910355486862441
231,0.22021276595744682,0.22650602409638557,0.14,0.0
232,0.02872340425531915,0.01566265060240964,0.006,0.0061823802163833074
233,0.030851063829787233,0.02168674698795181,0.006999999999999999,0.0080370942812983
234,0.043617021276595745,0.024096385542168676,0.003,0.01205564142194745
235,0.043617021276595745,0.032530120481927716,0.01,0.011282843894899535
236,0.05319148936170213,0.05301204819277109,0.013999999999999999,0.01205564142194745
237,0.04468085106382979,0.02168674698795181,0.005,0.014528593508500774
238,0.12978723404255318,0.07228915662650603,0.01,0.0401854714064915
239,0.06382978723404255,0.03734939759036145,0.003,0.021638330757341576
240,0.06170212765957447,0.03493975903614458,0.006999999999999999,0.015455950540958269
241,0.031914893617021274,0.01566265060240964,0.006999999999999999,0.008964451313755796
242,0.05319148936170213,0.05542168674698795,0.009000000000000001,0.010819165378670788
243,0.06595744680851064,0.050602409638554224,0.009000000000000001,0.014219474497681605
244,0.07765957446808511,0.05542168674698795,0.005,0.025038639876352395
245,0.03617021276595745,0.04578313253012048,0.005,0.008191653786707881
246,0.09893617021276596,0.060240963855421686,0.013000000000000001,0.023647604327666154
247,0.02872340425531915,0.025301204819277112,0.006999999999999999,0.0068006182380216385
248,0.03829787234042553,0.03493975903614458,0.006,0.010510046367851623
249,0.03617021276595745,0.04939759036144578,0.004,0.008964451313755796
250,0.0425531914893617,0.04457831325301205,0.003,0.012364760432766615
251,0.031914893617021274,0.03734939759036145,0.003,0.008964451313755796
252,0.09787234042553192,0.04819277108433735,0.036000000000000004,0.016846986089644512
253,0.06276595744680852,0.05783132530120482,0.01,0.017001545595054096
254,0.05638297872340425,0.06385542168674699,0.009000000000000001,0.014064914992272025
255,0.06276595744680852,0.07710843373493977,0.01,0.015301391035548687
256,0.05,0.060240963855421686,0.005,0.013137557959814528
257,0.06276595744680852,0.033734939759036145,0.003,0.02071097372488408
258,0.08723404255319149,0.08072289156626507,0.017,0.022102009273570325
259,0.06489361702127659,0.07349397590361446,0.009000000000000001,0.015455950540958269
260,0.04893617021276596,0.04819277108433735,0.005,0.01375579598145286
261,0.047872340425531915,0.04457831325301205,0.005,0.010200927357032456
262,0.05106382978723405,0.05421686746987952,0.008,0.014064914992272025
263,0.023404255319148935,0.025301204819277112,0.005,0.0055641421947449764
264,0.02446808510638298,0.03614457831325302,0.003,0.00571870170015456
265,0.05425531914893617,0.030120481927710843,0.011000000000000001,0.012364760432766615
266,0.014893617021276596,0.01566265060240964,0.003,0.0035548686244204013
267,0.06382978723404255,0.04819277108433735,0.004,0.007264296754250387
268,0.031914893617021274,0.04337349397590362,0.006,0.006955177743431221
269,0.0925531914893617,0.10000000000000002,0.018000000000000002,0.022256568778979906
270,0.08085106382978724,0.033734939759036145,0.002,0.024420401854714065
271,0.047872340425531915,0.05662650602409639,0.005,0.012519319938176197
272,0.031914893617021274,0.027710843373493974,0.004,0.008964451313755796
273,0.0425531914893617,0.03614457831325302,0.008,0.01143740340030912
274,0.0574468085106383,0.04457831325301205,0.003,0.018238021638330756
275,0.07553191489361702,0.0819277108433735,0.016,0.01777434312210201
276,0.10531914893617021,0.060240963855421686,0.013000000000000001,0.03292117465224111
277,0.06702127659574468,0.04578313253012048,0.015,0.01777434312210201
278,0.17659574468085107,0.020481927710843374,0.005,0.05996908809891808
279,0.023404255319148935,0.012048192771084338,0.001,0.008191653786707881
280,0.023404255319148935,0.012048192771084338,0.001,0.008191653786707881
281,0.03723404255319149,0.04819277108433735,0.003,0.009891808346213293
282,0.0574468085106383,0.026506024096385545,0.036000000000000004,0.004791344667697064
283,0.04148936170212766,0.05421686746987952,0.004,0.010664605873261205
284,0.05638297872340425,0.04096385542168675,0.012,0.011128284389489953
285,0.030851063829787233,0.04096385542168675,0.001,0.010046367851622875
286,0.11063829787234043,0.046987951807228916,0.006,0.0276661514683153
287,0.052127659574468084,0.032530120481927716,0.01,0.012982998454404947
288,0.0925531914893617,0.0963855421686747,0.02,0.01839258114374034
289,0.13617021276595745,0.14457831325301207,0.065,0.019165378670788255
290,0.039361702127659576,0.030120481927710843,0.008,0.010664605873261205
291,0.3202127659574468,0.1710843373493976,0.109,0.07573415765069552
292,0.06595744680851064,0.04819277108433735,0.005,0.01622874806800618
293,0.047872340425531915,0.05301204819277109,0.08,0.0007727975270479134
294,0.047872340425531915,0.05301204819277109,0.005,0.013137557959814528
295,0.05638297872340425,0.03855421686746988,0.025,0.011746522411128283
296,0.0723404255319149,0.024096385542168676,0.01,0.023493044822256566
297,0.07765957446808511,0.0819277108433735,0.012,0.02009273570324575
298,0.15319148936170213,0.1530120481927711,0.012,0.03894899536321483
299,0.05319148936170213,0.0746987951807229,0.011000000000000001,0.01097372488408037
300,0.07872340425531915,0.07590361445783132,0.006999999999999999,0.016537867078825347
301,0.05851063829787234,0.04819277108433735,0.005,0.013137557959814528
302,0.03297872340425532,0.04457831325301205,0.006,0.007418856259659969
303,0.05319148936170213,0.0746987951807229,0.011000000000000001,0.01097372488408037
304,0.03829787234042553,0.03132530120481928,0.009000000000000001,0.009428129829984543
305,0.02872340425531915,0.01566265060240964,0.002,0.009119010819165378
306,0.06276595744680852,0.03614457831325302,0.004,0.02086553323029366
307,0.07553191489361702,0.04939759036144578,0.021,0.01901081916537867
308,0.02872340425531915,0.01566265060240964,0.002,0.009119010819165378
309,0.07446808510638298,0.03493975903614458,0.003,0.021483771251931995
310,0.05,0.033734939759036145,0.004,0.0160741885625966
311,0.059574468085106386,0.03734939759036145,0.003,0.02009273570324575
312,0.06595744680851064,0.04457831325301205,0.003,0.017156105100463677
313,0.059574468085106386,0.03734939759036145,0.003,0.02009273570324575
314,0.05106382978723405,0.03614457831325302,0.003,0.01669242658423493
315,0.04893617021276596,0.033734939759036145,0.002,0.01267387944358578
316,0.05851063829787234,0.020481927710843374,0.001,0.01839258114374034
317,0.2765957446808511,0.024096385542168676,0.15,0.08191653786707882
318,0.4063829787234043,0.6710843373493977,0.141,0.012364760432766615
319,0.46063829787234045,0.6626506024096386,0.09,0.0
320,0.6361702127659574,0.8951807228915662,0.269,0.014219474497681605
321,0.08191489361702128,0.16626506024096388,0.019,0.0010819165378670788
322,0.11063829787234043,0.26385542168674697,0.011000000000000001,0.0
323,0.26382978723404255,0.12048192771084337,0.023,0.06321483771251932
324,0.42021276595744683,0.03614457831325302,0.057,0.12550231839258114
325,0.3170212765957447,0.04457831325301205,0.021,0.101854714064915
326,0.39148936170212767,0.03132530120481928,0.086,0.10819165378670788
327,0.3702127659574468,0.004819277108433735,0.038,0.11761978361669241
328,0.35212765957446807,0.02289156626506024,0.076,0.09860896445131374
329,0.39680851063829786,0.051807228915662654,0.165,0.08021638330757341
330,0.018617021276595744,0.03975903614457831,0.023,0.06105100463678516
331,0.3372340425531915,0.1891566265060241,0.277,0.0
332,0.2148936170212766,0.2060240963855422,0.14800000000000002,0.0
333,0.10638297872340426,0.20000000000000004,0.033,0.0015455950540958269
334,0.06702127659574468,0.012048192771084338,0.002,0.024884080370942814
335,0.1425531914893617,0.030120481927710843,0.03,0.04327666151468315
336,0.0851063829787234,0.006024096385542169,0.006,0.02812982998454405
337,0.019148936170212766,0.012048192771084338,0.002,0.0058732612055641415
338,0.10425531914893617,0.016867469879518072,0.002,0.039258114374034
339,0.26382978723404255,0.4361445783132531,0.069,0.015610510046367852
340,0.6276595744680851,0.22289156626506026,0.5700000000000001,0.0
341,0.3670212765957447,0.14457831325301207,0.015,0.11051004636785162
342,0.42872340425531913,0.12771084337349398,0.022000000000000002,0.13183925811437402
343,0.3776595744680851,0.21445783132530122,0.046,0.09381761978361669
344,0.12978723404255318,0.042168674698795185,0.045,0.02704791344667697
345,0.5723404255319149,0.163855421686747,0.303,0.0812982998454405
346,0.5574468085106383,0.1602409638554217,0.292,0.080370942812983
347,0.601063829787234,0.21927710843373494,0.384,0.05687789799072642
348,0.07446808510638298,0.007228915662650603,0.0,0.029211746522411125
349,0.22340425531914895,0.04819277108433735,0.125,0.03183925811437403
350,0.16670212765957446,0.03614457831325302,0.017,0.050540958268933546
351,0.16170212765957448,0.0,0.0,0.058114374034003095
352,0.0476595744680851,0.0,0.0,0.017465224111282845
353,0.2872340425531915,0.14819277108433737,0.159,0.02982998454404946
354,0.3425531914893617,0.02891566265060241,0.006,0.11839258114374032
355,0.14574468085106385,0.07349397590361446,0.032,0.03245749613601236
356,0.09361702127659574,0.00963855421686747,0.003,0.03230293663060278
357,0.1074468085106383,0.025301204819277112,0.002,0.03585780525502318
358,0.09361702127659574,0.007228915662650603,0.003,0.03230293663060278
359,0.10638297872340426,0.010843373493975905,0.003,0.03632148377125193
360,0.019148936170212766,0.00963855421686747,0.002,0.00633693972179289
361,0.013829787234042554,0.0036144578313253013,0.006,0.002472952086553323
362,0.0723404255319149,0.008433734939759036,0.001,0.027820710973724884
363,0.10638297872340426,0.00963855421686747,0.002,0.03678516228748068
364,0.10106382978723405,0.012048192771084338,0.001,0.03493044822256569
365,0.10638297872340426,0.00963855421686747,0.002,0.03678516228748068
366,0.08191489361702128,0.007228915662650603,0.002,0.02843894899536321
367,0.3595744680851064,0.01807228915662651,0.006999999999999999,0.1256568778979907
368,0.20319148936170214,0.05421686746987952,0.015,0.061360123647604334
369,0.36914893617021277,0.01566265060240964,0.006999999999999999,0.12952086553323028
370,0.2074468085106383,0.004819277108433735,0.017,0.06862442040185471
371,0.41382978723404257,0.0,0.0,0.14064914992272023
372,0.10106382978723405,0.01807228915662651,0.001,0.03462132921174652
373,0.13936170212765958,0.013253012048192772,0.002,0.04837712519319938
374,0.2914893617021277,0.020481927710843374,0.054000000000000006,0.08578052550231839
375,0.4329787234042553,0.07710843373493977,0.282,0.04945904173106646
376,0.03723404255319149,0.020481927710843374,0.002,0.011901081916537867
377,0.3723404255319149,0.016867469879518072,0.14400000000000002,0.08284389489953632
378,0.49148936170212765,0.03734939759036145,0.244,0.08918083462132921
379,0.0797872340425532,0.09879518072289156,0.02,0.00927357032457496
380,0.3829787234042553,0.01566265060240964,0.064,0.11483771251931993
381,0.1823404255319149,0.04819277108433735,0.04,0.04945904173106646
382,0.15319148936170213,0.013253012048192772,0.004,0.0527047913446677
383,0.2170212765957447,0.006024096385542169,0.013999999999999999,0.07326120556414219
384,0.12127659574468086,0.1963855421686747,0.046,0.0012364760432766616
385,0.11170212765957448,0.20000000000000004,0.033,0.0015455950540958269
386,0.15,0.18072289156626506,0.081,0.0013910355486862441
387,0.05638297872340425,0.01927710843373494,0.016,0.013601236476043277
388,0.1702127659574468,0.03975903614457831,0.092,0.02472952086553323
389,0.39148936170212767,0.0,0.0,0.14683153013910355
390,0.4106382978723404,0.03614457831325302,0.1,0.11746522411128284
391,0.37872340425531914,0.004819277108433735,0.005,0.1400309119010819
392,0.41914893617021276,0.0,0.0,0.14528593508500773
393,0.055319148936170216,0.12048192771084337,0.005,0.0027820710973724882
394,0.1127659574468085,0.19879518072289157,0.033,0.0038639876352395673
395,0.1574468085106383,0.12048192771084337,0.098,0.0077279752704791345
396,0.13404255319148936,0.050602409638554224,0.094,0.009582689335394128
397,0.11702127659574468,0.07108433734939759,0.08199999999999999,0.004945904173106646
398,0.15212765957446808,0.04819277108433735,0.114,0.00927357032457496
399,0.18723404255319148,0.08795180722891567,0.149,0.004945904173106646
400,0.14042553191489363,0.10843373493975904,0.07200000000000001,0.01205564142194745
401,0.2042553191489362,0.1530120481927711,0.10099999999999999,0.019629057187017
402,0.23191489361702128,0.006024096385542169,0.025,0.0749613601236476
403,0.41382978723404257,0.20361445783132529,0.35000000000000003,0.00046367851622874804
404,0.06914893617021277,0.12048192771084337,0.01,0.005409582689335394
405,0.1425531914893617,0.23734939759036144,0.048,0.0026275115919629057
406,0.1446808510638298,0.23734939759036144,0.032,0.00927357032457496
407,0.4148936170212766,0.1710843373493976,0.07400000000000001,0.1054095826893354
408,0.1351063829787234,0.014457831325301205,0.005,0.04559505409582689
409,0.15531914893617021,0.21325301204819277,0.059000000000000004,0.00865533230293663
410,0.4042553191489362,0.4048192771084338,0.275,0.0
411,0.48510638297872344,0.5602409638554218,0.244,0.0
412,0.3702127659574468,0.22530120481927712,0.295,0.0
413,0.2053191489361702,0.5060240963855422,0.015,0.0
414,0.4574468085106383,0.7012048192771085,0.23600000000000002,0.0
415,0.6936170212765957,0.48674698795180726,0.543,0.0
416,0.3393617021276596,0.08313253012048194,0.317,0.0
417,0.4574468085106383,0.40240963855421685,0.324,0.0
418,0.21063829787234042,0.22891566265060243,0.13,0.0
419,0.11382978723404255,0.19879518072289157,0.039,0.00231839258114374
420,0.11914893617021277,0.24096385542168675,0.013000000000000001,0.00571870170015456
421,0.1372340425531915,0.24096385542168675,0.048,0.0
422,0.3148936170212766,0.2060240963855422,0.203,0.017465224111282845
423,0.11808510638297873,0.23373493975903614,0.009000000000000001,0.007418856259659969
424,0.08297872340425531,0.1746987951807229,0.006,0.00571870170015456
425,0.15319148936170213,0.21445783132530122,0.057999999999999996,0.0080370942812983
426,0.13085106382978723,0.1819277108433735,0.055,0.005100463678516228
427,0.1021276595744681,0.22891566265060243,0.017,0.0
428,0.14680851063829786,0.16867469879518074,0.006999999999999999,0.01143740340030912
429,0.13617021276595745,0.21686746987951808,0.03,0.011128284389489953
430,0.0851063829787234,0.17710843373493976,0.013999999999999999,0.0034003091190108192
431,0.44361702127659575,0.3120481927710843,0.19399999999999998,0.04945904173106646
432,0.08723404255319149,0.08072289156626507,0.01,0.016846986089644512
433,0.07021276595744681,0.16867469879518074,0.0,0.0
434,0.09574468085106383,0.17951807228915664,0.025,0.0032457496136012367
435,0.09361702127659574,0.1710843373493976,0.006999999999999999,0.009582689335394128
436,0.10638297872340426,0.17710843373493976,0.024,0.007573415765069552
437,0.1425531914893617,0.3072289156626506,0.013000000000000001,0.0077279752704791345
438,0.2170212765957447,0.4120481927710844,0.055999999999999994,0.0029366306027820708
439,0.21063829787234042,0.43975903614457834,0.022000000000000002,0.008500772797527048
440,0.1276595744680851,0.13614457831325302,0.039,0.015455950540958269
441,0.12340425531914893,0.13493975903614458,0.012,0.015765069551777432
442,0.09148936170212767,0.12289156626506025,0.011000000000000001,0.013446676970633693
443,0.11382978723404255,0.23614457831325303,0.006999999999999999,0.008500772797527048
444,0.08617021276595745,0.13734939759036147,0.019,0.0058732612055641415
445,0.1074468085106383,0.13855421686746988,0.040999999999999995,0.007109737248840803
446,0.11595744680851064,0.20481927710843376,0.04,0.0
447,0.2776595744680851,0.4590361445783133,0.023,0.033848531684698605
448,0.31063829787234043,0.6987951807228916,0.04,0.0
449,0.07872340425531915,0.3036144578313253,0.017,0.0
450,0.28404255319148936,0.27831325301204823,0.19399999999999998,0.0003091190108191654
451,0.1074468085106383,0.12409638554216869,0.037000000000000005,0.01035548686244204
452,0.3170212765957447,0.5578313253012048,0.036000000000000004,0.031221020092735703
453,0.06063829787234043,0.12891566265060242,0.003,0.0034003091190108192
454,0.08191489361702128,0.18795180722891566,0.009000000000000001,0.002472952086553323
455,0.09787234042553192,0.24096385542168675,0.006999999999999999,0.0
456,0.08723404255319149,0.13734939759036147,0.012,0.009891808346213293
457,0.14042553191489363,0.20481927710843376,0.067,0.0012364760432766616
458,0.1723404255319149,0.3819277108433735,0.027999999999999997,0.00046367851622874804
459,0.11702127659574468,0.15180722891566265,0.042,0.008346213292117466
460,0.32127659574468087,0.8518072289156627,0.019,0.0006182380216383308
461,0.10957446808510639,0.26506024096385544,0.01,0.0
462,0.07446808510638298,0.13012048192771086,0.006999999999999999,0.0080370942812983
463,0.15638297872340426,0.21084337349397592,0.065,0.008346213292117466
464,0.11595744680851064,0.26506024096385544,0.017,0.0
465,0.08723404255319149,0.21686746987951808,0.01,0.0006182380216383308
466,0.09574468085106383,0.2457831325301205,0.009000000000000001,0.0
467,0.2680851063829787,0.2397590361445783,0.19100000000000003,0.0
468,0.11914893617021277,0.24096385542168675,0.03,0.0
469,0.11063829787234043,0.18795180722891566,0.032,0.0030911901081916537
470,0.274468085106383,0.4855421686746988,0.023,0.029211746522411125
471,0.10531914893617021,0.24819277108433738,0.013999999999999999,0.0013910355486862441
472,0.09148936170212767,0.1927710843373494,0.02,0.0
473,0.2,0.23253012048192773,0.122,0.0
474,0.2223404255319149,0.18313253012048192,0.113,0.018238021638330756
475,0.10319148936170212,0.21566265060240963,0.02,0.0006182380216383308
476,0.6361702127659574,0.8951807228915662,0.269,0.014219474497681605
477,0.6191489361702128,0.8228915662650602,0.152,0.057496136012364765
478,0.44255319148936173,0.5650602409638554,0.239,0.0
479,0.12872340425531914,0.26144578313253014,0.027999999999999997,0.0012364760432766616
480,0.09468085106382979,0.22530120481927712,0.01,0.0
481,0.16382978723404257,0.2024096385542169,0.05,0.01622874806800618
482,0.13297872340425532,0.2566265060240964,0.034,0.0034003091190108192
483,0.16170212765957448,0.21204819277108436,0.061,0.01035548686244204
484,0.1276595744680851,0.17228915662650604,0.049,0.007109737248840803
485,0.15319148936170213,0.21084337349397592,0.063,0.006646058732612055
486,0.14042553191489363,0.20481927710843376,0.066,0.0017001545595054096
487,0.16595744680851063,0.3373493975903615,0.04,0.0030911901081916537
488,0.18723404255319148,0.3855421686746988,0.044000000000000004,0.0
489,0.16702127659574467,0.3373493975903615,0.042,0.0027820710973724882
490,0.18085106382978725,0.3734939759036145,0.042,0.0
491,0.16276595744680852,0.3614457831325301,0.027999999999999997,0.0
492,0.15106382978723404,0.3253012048192771,0.03,0.0
493,0.44148936170212766,0.7385542168674699,0.17600000000000002,0.004482225656877898
494,0.5680851063829787,0.48433734939759043,0.39299999999999996,0.007573415765069552
495,0.3021276595744681,0.4108433734939759,0.099,0.02256568778979907
496,0.12021276595744682,0.1674698795180723,0.049,0.005255023183925811
497,0.2553191489361702,0.26144578313253014,0.077,0.031993817619783614
498,0.11595744680851064,0.2397590361445783,0.018000000000000002,0.005255023183925811
499,0.12021276595744682,0.20481927710843376,0.045,0.0
500,0.20638297872340425,0.45783132530120485,0.035,0.0
501,0.14680851063829786,0.3253012048192771,0.033,0.0
502,0.10638297872340426,0.22650602409638557,0.022000000000000002,0.0
503,0.3074468085106383,0.45783132530120485,0.14,0.0
504,0.08936170212765958,0.18313253012048192,0.006,0.007264296754250387
505,0.08617021276595745,0.13734939759036147,0.019,0.0058732612055641415
506,0.21170212765957447,0.4108433734939759,0.038,0.01097372488408037
507,0.11808510638297873,0.1602409638554217,0.034,0.01035548686244204
508,0.09361702127659574,0.19156626506024096,0.009000000000000001,0.00633693972179289
509,0.1021276595744681,0.23493975903614459,0.011000000000000001,0.0030911901081916537
510,0.10106382978723405,0.19036144578313255,0.006999999999999999,0.010046367851622875
511,0.38085106382978723,0.2493975903614458,0.264,0.014528593508500774
512,0.2170212765957447,0.1927710843373494,0.15,0.0
513,0.1074468085106383,0.1819277108433735,0.040999999999999995,0.0015455950540958269
514,0.33617021276595743,0.7240963855421687,0.065,0.03462132921174652
515,0.10425531914893617,0.23614457831325303,0.017,0.0015455950540958269
516,0.2946808510638298,0.7228915662650602,0.023,0.0027820710973724882
517,0.18085106382978725,0.40240963855421685,0.03,0.0
518,0.35212765957446807,0.8277108433734941,0.042,0.0
519,0.15319148936170213,0.391566265060241,0.006,0.0
520,0.07872340425531915,0.12409638554216869,0.013999999999999999,0.00633693972179289
521,0.36914893617021277,0.5879518072289157,0.064,0.030293663060278208
522,0.08723404255319149,0.20963855421686747,0.004,0.0035548686244204013
523,0.10638297872340426,0.1650602409638554,0.015,0.012364760432766615
524,0.1021276595744681,0.23132530120481928,0.02,0.0003091190108191654
525,0.5042553191489362,0.09156626506024096,0.21600000000000003,0.09629057187017001
526,0.5276595744680851,0.3650602409638555,0.335,0.02843894899536321
527,0.16595744680851063,0.032530120481927716,0.013000000000000001,0.05146831530139103
528,0.3840425531914894,0.10481927710843374,0.045,0.11190108191653787
529,0.1372340425531915,0.04939759036144578,0.013000000000000001,0.04683153013910356
530,0.32659574468085106,0.09518072289156627,0.034,0.0982998454404946
531,0.3893617021276596,0.11807228915662651,0.073,0.10680061823802163
532,0.3776595744680851,0.1108433734939759,0.039,0.11391035548686244
533,0.16382978723404257,0.04578313253012048,0.035,0.04389489953632148
534,0.14893617021276595,0.05662650602409639,0.013000000000000001,0.05115919629057187
535,0.3776595744680851,0.1108433734939759,0.039,0.11391035548686244
536,0.03723404255319149,0.026506024096385545,0.001,0.01143740340030912
537,0.15638297872340426,0.06144578313253012,0.006999999999999999,0.04868624420401855
538,0.15106382978723404,0.060240963855421686,0.006999999999999999,0.04683153013910356
539,0.3904255319148936,0.0746987951807229,0.051,0.11777434312210201
540,0.39148936170212767,0.06626506024096386,0.046,0.1205564142194745
541,0.3840425531914894,0.10481927710843374,0.045,0.11190108191653787
542,0.1372340425531915,0.04939759036144578,0.013000000000000001,0.04683153013910356
543,0.32659574468085106,0.09518072289156627,0.034,0.0982998454404946
544,0.3776595744680851,0.1108433734939759,0.039,0.11391035548686244
545,0.14893617021276595,0.05662650602409639,0.013000000000000001,0.05115919629057187
546,0.18617021276595744,0.02168674698795181,0.018000000000000002,0.05409582689335394
547,0.15840425531914895,0.12530120481927712,0.10400000000000001,0.031066460587326122
548,0.39787234042553193,0.11325301204819278,0.022000000000000002,0.12225656877897989
549,0.05425531914893617,0.01807228915662651,0.01,0.015610510046367852
550,0.3074468085106383,0.13253012048192772,0.04,0.09428129829984544
551,0.2542553191489362,0.006024096385542169,0.006,0.09969088098918083
552,0.30425531914893617,0.5843373493975904,0.092,0.0035548686244204013
553,0.04893617021276596,0.007228915662650603,0.0,0.018238021638330756
554,0.052127659574468084,0.010843373493975905,0.003,0.018856259659969087
555,0.06489361702127659,0.010843373493975905,0.003,0.023802163833075735
556,0.059574468085106386,0.007228915662650603,0.003,0.02194744976816074
557,0.06808510638297872,0.008433734939759036,0.006,0.024420401854714065
558,0.3723404255319149,0.0746987951807229,0.013999999999999999,0.12086553323029367
559,0.047872340425531915,0.030120481927710843,0.039,0.0
560,0.3148936170212766,0.11325301204819278,0.011000000000000001,0.09582689335394126
561,0.3127659574468085,0.1927710843373494,0.009000000000000001,0.0998454404945904
562,0.022340425531914895,0.04578313253012048,0.006,0.0013910355486862441
563,0.031914893617021274,0.042168674698795185,0.002,0.0061823802163833074
564,0.05106382978723405,0.033734939759036145,0.040999999999999995,0.004482225656877898
565,0.05106382978723405,0.02289156626506024,0.032,0.004327666151468315
566,0.031914893617021274,0.02289156626506024,0.001,0.008500772797527048
567,0.11382978723404255,0.06385542168674699,0.022000000000000002,0.025502318392581144
568,0.03297872340425532,0.014457831325301205,0.003,0.01097372488408037
569,0.5319148936170213,0.014457831325301205,0.251,0.10401854714064915
570,0.05106382978723405,0.030120481927710843,0.042,0.0
571,0.3553191489361702,0.11686746987951807,0.035,0.1134466769706337
572,0.40606382978723404,0.11445783132530121,0.095,0.1017001545595054
573,0.2042553191489362,0.06506024096385543,0.003,0.06290571870170016
574,0.05106382978723405,0.007228915662650603,0.002,0.019165378670788255
575,0.06489361702127659,0.00963855421686747,0.002,0.02179289026275116
576,0.04680851063829787,0.00963855421686747,0.003,0.016846986089644512
577,0.04148936170212766,0.0036144578313253013,0.003,0.01375579598145286
578,0.047872340425531915,0.010843373493975905,0.002,0.01731066460587326
579,0.039361702127659576,0.00963855421686747,0.001,0.01901081916537867
580,0.052127659574468084,0.008433734939759036,0.002,0.017156105100463677
581,0.03404255319148936,0.02289156626506024,0.003,0.01097372488408037
582,0.015957446808510637,0.18313253012048192,0.043,0.013601236476043277
583,0.13829787234042554,0.08072289156626507,0.003,0.03894899536321483
584,0.14148936170212767,0.012048192771084338,0.002,0.04976816074188563
585,0.26595744680851063,0.03132530120481928,0.025,0.05471406491499227
586,0.37872340425531914,0.24698795180722893,0.040999999999999995,0.09520865533230294
587,0.35106382978723405,0.28674698795180725,0.013999999999999999,0.09304482225656878
588,0.5670212765957446,0.3349397590361446,0.381,0.04451313755795981
589,0.3627659574468085,0.36626506024096384,0.032,0.07928902627511591
590,0.425531914893617,0.41445783132530123,0.16899999999999998,0.0527047913446677
591,0.2170212765957447,0.20361445783132529,0.08800000000000001,0.02704791344667697
592,0.225531914893617,0.21084337349397592,0.1,0.019938176197836166
593,0.12553191489361704,0.05301204819277109,0.015,0.03338485316846986
594,0.5095744680851064,0.1530120481927711,0.23199999999999998,0.0910355486862442
595,0.39361702127659576,0.1927710843373494,0.06,0.10046367851622874
596,0.17127659574468085,0.0927710843373494,0.027999999999999997,0.04188562596599691
597,0.17553191489361702,0.0927710843373494,0.031000000000000003,0.04234930448222565
598,0.35212765957446807,0.30120481927710846,0.01,0.08964451313755796
599,0.1372340425531915,0.1493975903614458,0.006999999999999999,0.028284389489953633
600,0.3574468085106383,0.27831325301204823,0.017,0.09196290571870169
601,0.548936170212766,0.17710843373493976,0.311,0.06862442040185471
602,0.3574468085106383,0.2493975903614458,0.013999999999999999,0.09582689335394126
603,0.33617021276595743,0.2493975903614458,0.01,0.08964451313755796
604,0.12127659574468086,0.08433734939759037,0.006,0.0321483771251932
605,0.13085106382978723,0.10120481927710845,0.006,0.0027820710973724882
606,0.15638297872340426,0.10843373493975904,0.005,0.04250386398763524
607,0.34361702127659577,0.27590361445783135,0.015,0.08778979907264296
608,0.11595744680851064,0.10481927710843374,0.005,0.028284389489953633
609,0.3723404255319149,0.2060240963855422,0.018000000000000002,0.10927357032457496
610,0.3606382978723404,0.25060240963855424,0.021,0.0998454404945904
611,0.36808510638297876,0.20000000000000004,0.017,0.10216383307573415
612,0.3670212765957447,0.2674698795180723,0.012,0.09721792890262751
613,0.4734042553191489,0.13253012048192772,0.11,0.10123647604327667
614,0.10425531914893617,0.08072289156626507,0.004,0.027357032457496135
615,0.30425531914893617,0.363855421686747,0.156,0.04652241112828439
616,0.5542553191489362,0.3879518072289157,0.37700000000000006,0.03539412673879443
617,0.4053191489361702,0.48674698795180726,0.167,0.038485316846986084
618,0.0797872340425532,0.04939759036144578,0.021,0.016537867078825347
619,0.20106382978723406,0.24337349397590363,0.08199999999999999,0.019629057187017
620,0.30425531914893617,0.363855421686747,0.156,0.04652241112828439
621,0.34787234042553195,0.19759036144578312,0.043,0.08624420401854714
622,0.3776595744680851,0.20481927710843376,0.025,0.10200927357032458
623,0.36808510638297876,0.19879518072289157,0.015,0.10293663060278206
624,0.023404255319148935,0.013253012048192772,0.01,0.005255023183925811
625,0.36595744680851067,0.20120481927710843,0.021,0.0998454404945904
626,0.3574468085106383,0.27831325301204823,0.017,0.09196290571870169
627,0.3723404255319149,0.1674698795180723,0.03,0.10340030911901082
628,0.33404255319148934,0.2662650602409639,0.011000000000000001,0.08686244204018548
629,0.16808510638297872,0.12409638554216869,0.009000000000000001,0.04358578052550232
630,0.1819148936170213,0.13253012048192772,0.022000000000000002,0.04327666151468315
631,0.15319148936170213,0.12048192771084337,0.01,0.03817619783616692
632,0.2978723404255319,0.20120481927710843,0.016,0.09768160741885626
633,0.6691489361702128,0.2457831325301205,0.563,0.030602782071097373
634,0.6553191489361703,0.1963855421686747,0.484,0.04435857805255023
635,0.5106382978723404,0.2216867469879518,0.19100000000000003,0.09041731066460587
636,0.04680851063829787,0.032530120481927716,0.003,0.01205564142194745
637,0.3797872340425532,0.20843373493975906,0.015,0.10819165378670788
638,0.04148936170212766,0.03614457831325302,0.006,0.011746522411128283
639,0.1595744680851064,0.030120481927710843,0.125,0.010819165378670788
640,0.039361702127659576,0.03734939759036145,0.002,0.012210200927357032
641,0.5148936170212766,0.10602409638554218,0.261,0.08918083462132921
642,0.5191489361702127,0.30843373493975906,0.256,0.09211746522411128
643,0.5691489361702128,0.3349397590361446,0.381,0.04451313755795981
644,0.6,0.3072289156626506,0.444,0.03941267387944358
645,0.5968085106382979,0.3072289156626506,0.438,0.0401854714064915
646,0.5585106382978724,0.336144578313253,0.42700000000000005,0.026893353941267385
647,0.4095744680851064,0.16867469879518074,0.31,0.02009273570324575
648,0.3829787234042553,0.16265060240963855,0.312,0.019783616692426585
649,0.5457446808510639,0.21084337349397592,0.325,0.06846986089644512
650,0.6053191489361702,0.34698795180722897,0.484,0.024420401854714065
651,0.5946808510638298,0.3240963855421687,0.44200000000000006,0.03647604327666151
652,0.5968085106382979,0.3072289156626506,0.438,0.0401854714064915
653,0.7957446808510639,0.25060240963855424,0.20800000000000002,0.1928902627511592
654,0.35212765957446807,0.29397590361445786,0.019,0.0874806800618238
655,0.14680851063829786,0.12891566265060242,0.011000000000000001,0.03493044822256569
656,0.3638297872340426,0.27590361445783135,0.013999999999999999,0.09520865533230294
657,0.14680851063829786,0.12891566265060242,0.011000000000000001,0.03493044822256569
658,0.4797872340425532,0.13493975903614458,0.20199999999999999,0.09227202472952087
659,0.37340425531914895,0.14698795180722893,0.012,0.11267387944358578
660,0.38085106382978723,0.2819277108433735,0.024,0.09366306027820712
661,0.37659574468085105,0.15421686746987953,0.018000000000000002,0.10710973724884079
662,0.11702127659574468,0.05421686746987952,0.069,0.01097372488408037
663,0.43936170212765957,0.3457831325301205,0.198,0.04605873261205564
664,0.09787234042553192,0.24096385542168675,0.006999999999999999,0.0
665,0.07021276595744681,0.033734939759036145,0.068,0.005255023183925811
666,0.17340425531914894,0.19879518072289157,0.09,0.00633693972179289
667,0.12978723404255318,0.16626506024096388,0.057,0.006027820710973725
668,0.16702127659574467,0.09759036144578313,0.08800000000000001,0.017619783616692426
669,0.2053191489361702,0.12771084337349398,0.12400000000000001,0.01499227202472952
670,0.15851063829787235,0.20000000000000004,0.092,0.0
671,0.17446808510638298,0.03614457831325302,0.024,0.05038639876352396
672,0.030851063829787233,0.03614457831325302,0.003,0.008346213292117466
673,0.031914893617021274,0.03855421686746988,0.006999999999999999,0.007264296754250387
674,0.023404255319148935,0.030120481927710843,0.006,0.004791344667697064
675,0.04574468085106383,0.02168674698795181,0.002,0.012982998454404947
676,0.055319148936170216,0.02168674698795181,0.036000000000000004,0.00463678516228748
677,0.04042553191489362,0.02891566265060241,0.02,0.00401854714064915
678,0.04468085106382979,0.03975903614457831,0.002,0.014837712519319937
679,0.043617021276595745,0.024096385542168676,0.003,0.01205564142194745
680,0.16808510638297872,0.05301204819277109,0.032,0.04296754250386399
681,0.026595744680851064,0.027710843373493974,0.002,0.005409582689335394
682,0.15606382978723404,0.07108433734939759,0.059000000000000004,0.03044822256568779
683,0.09787234042553192,0.026506024096385545,0.033,0.02179289026275116
684,0.31063829787234043,0.13493975903614458,0.11199999999999999,0.004327666151468315
685,0.07765957446808511,0.19759036144578312,0.003,0.0
686,0.2925531914893617,0.15180722891566265,0.14800000000000002,0.08438948995363214
687,0.37872340425531914,0.10843373493975904,0.085,0.09969088098918083
688,0.1276595744680851,0.042168674698795185,0.025,0.0321483771251932
689,0.04893617021276596,0.06867469879518073,0.013000000000000001,0.013910355486862442
690,0.49361702127659574,0.014457831325301205,0.18600000000000003,0.11282843894899536
691,0.4308510638297872,0.39518072289156625,0.17,0.05641421947449768
692,0.03723404255319149,0.03493975903614458,0.002,0.0012364760432766616
693,0.03404255319148936,0.03493975903614458,0.002,0.008964451313755796
694,0.03617021276595745,0.010843373493975905,0.01,0.01035548686244204
695,0.05,0.006024096385542169,0.002,0.0160741885625966
696,0.3468085106382979,0.27469879518072293,0.203,0.02024729520865533
697,0.6276595744680851,0.3253012048192771,0.49,0.03230293663060278
698,0.6627659574468086,0.024096385542168676,0.521,0.05641421947449768
699,0.018085106382978725,0.0024096385542168677,0.001,0.0058732612055641415
700,0.0723404255319149,0.012048192771084338,0.009000000000000001,0.021638330757341576
701,0.19148936170212766,0.04819277108433735,0.15,0.015455950540958269
702,0.3819148936170213,0.04096385542168675,0.34700000000000003,0.021638330757341576
703,0.2276595744680851,0.06506024096385543,0.054000000000000006,0.062132921174652245
704,0.11808510638297873,0.01807228915662651,0.003,0.04204018547140649
705,0.15106382978723404,0.20361445783132529,0.078,0.0
706,0.05106382978723405,0.012048192771084338,0.002,0.01839258114374034
707,0.4042553191489362,0.5891566265060241,0.138,0.03601236476043277
708,0.04680851063829787,0.02168674698795181,0.006,0.014837712519319937
709,0.676595744680851,0.22891566265060243,0.63,0.012364760432766615
710,0.698936170212766,0.18072289156626506,0.66,0.02009273570324575
711,0.6553191489361703,0.1674698795180723,0.562,0.021174652241112826
712,0.08829787234042553,0.024096385542168676,0.001,0.029520865533230294
713,0.15106382978723404,0.010843373493975905,0.004,0.05208655332302937
714,0.06808510638297872,0.14457831325301207,0.01,0.0030911901081916537
715,0.2170212765957447,0.03132530120481928,0.2,0.0061823802163833074
716,0.16063829787234044,0.16626506024096388,0.038,0.02179289026275116
717,0.06276595744680852,0.21686746987951808,0.011000000000000001,0.0055641421947449764
718,0.41808510638297874,0.46867469879518076,0.133,0.04544049459041731
719,0.3797872340425532,0.4951807228915663,0.1,0.03956723338485317
720,0.08404255319148936,0.22530120481927712,0.005,0.0
721,0.5053191489361702,0.01927710843373494,0.255,0.09953632148377126
722,0.14574468085106385,0.01566265060240964,0.011000000000000001,0.04605873261205564
723,0.6234042553191489,0.05903614457831326,0.406,0.07758887171561052
724,0.474468085106383,0.033734939759036145,0.145,0.11746522411128284
725,0.4765957446808511,0.032530120481927716,0.188,0.10370942812982997
726,0.5159574468085106,0.020481927710843374,0.222,0.10772797527047914
727,0.6361702127659574,0.10000000000000002,0.438,0.06584234930448223
728,0.5085106382978724,0.010843373493975905,0.207,0.11128284389489954
729,0.5117021276595745,0.026506024096385545,0.197,0.11375579598145284
730,0.6180851063829788,0.14578313253012049,0.406,0.06445131375579599
731,0.5765957446808511,0.4855421686746988,0.424,0.01792890262751159
732,0.5425531914893618,0.14819277108433737,0.27899999999999997,0.08098918083462132
733,0.5627659574468086,0.25060240963855424,0.317,0.062132921174652245
734,0.5170212765957447,0.0024096385542168677,0.239,0.10448222565687788
735,0.027659574468085108,0.020481927710843374,0.004,0.0058732612055641415
736,0.3723404255319149,0.006024096385542169,0.002,0.13276661514683152
737,0.4723404255319149,0.08313253012048194,0.146,0.11020092735703245
738,0.3638297872340426,0.1927710843373494,0.004,0.10139103554868624
739,0.34574468085106386,0.02168674698795181,0.004,0.1213292117465224
740,0.5361702127659574,0.06746987951807229,0.281,0.08825347758887171
741,0.37872340425531914,0.11686746987951807,0.011000000000000001,0.1188562596599691
742,0.44893617021276594,1.0,0.04,0.0
743,0.3670212765957447,0.14457831325301207,0.015,0.11051004636785162
744,0.45851063829787236,0.13373493975903614,0.162,0.0973724884080371
745,0.46702127659574466,0.12048192771084337,0.16399999999999998,0.10154559505409583
746,0.5159574468085106,0.13855421686746988,0.245,0.09134466769706337
747,0.5063829787234042,0.0012048192771084338,0.21100000000000002,0.11020092735703245
748,0.049680851063829794,0.20843373493975906,0.17300000000000001,0.1256568778979907
749,0.3617021276595745,0.3614457831325301,0.3,0.080370942812983
750,0.3819148936170213,0.20722891566265061,0.682,0.5131375579598145
751,0.5074468085106383,0.05662650602409639,0.20500000000000002,0.10587326120556415
752,0.625531914893617,0.646987951807229,0.409,0.0018547140649149921
753,0.08297872340425531,0.00963855421686747,0.004,0.030911901081916538
754,0.1925531914893617,0.04819277108433735,0.012,0.05765069551777434
755,0.17340425531914894,0.03614457831325302,0.004,0.055177743431221025
756,0.3617021276595745,0.13253012048192772,0.11,0.08346213292117464
757,0.16702127659574467,0.00963855421686747,0.003,0.05857805255023184
758,0.16382978723404257,0.012048192771084338,0.003,0.05687789799072642
759,0.16276595744680852,0.014457831325301205,0.003,0.0562596599690881
760,0.012765957446808512,0.008433734939759036,0.001,0.004173106646058733
761,0.009574468085106383,0.006024096385542169,0.001,0.0029366306027820708
762,0.16276595744680852,0.09518072289156627,0.077,0.02009273570324575
763,0.4297872340425532,0.16987951807228915,0.161,0.08377125193199382
764,0.225531914893617,0.04819277108433735,0.046,0.05965996908809892
765,0.11659574468085106,0.03132530120481928,0.026000000000000002,0.028748068006182383
766,0.3297872340425532,0.12048192771084337,0.24,0.02086553323029366
767,0.07765957446808511,0.19759036144578312,0.003,0.0
768,0.09148936170212767,0.01927710843373494,0.002,0.02009273570324575
769,0.10531914893617021,0.03975903614457831,0.001,0.032766615146831525
770,0.026595744680851064,0.02891566265060241,0.002,0.007573415765069552
771,0.025531914893617023,0.016867469879518072,0.002,0.008191653786707881
772,0.37446808510638296,0.20963855421686747,0.013000000000000001,0.10664605873261206
773,0.1372340425531915,0.14819277108433737,0.005,0.05409582689335394
774,0.37872340425531914,0.24698795180722893,0.040999999999999995,0.09520865533230294
775,0.35319148936170214,0.28915662650602414,0.03,0.08500772797527048
776,0.15,0.12289156626506025,0.013000000000000001,0.03585780525502318
777,0.13297872340425532,0.10000000000000002,0.006999999999999999,0.03415765069551777
778,0.035106382978723406,0.032530120481927716,0.002,0.012210200927357032
779,0.36595744680851067,0.15060240963855423,0.021,0.1072642967542504
780,0.3595744680851064,0.2674698795180723,0.015,0.09428129829984544
781,0.04042553191489362,0.03614457831325302,0.003,0.012210200927357032
782,0.04893617021276596,0.03614457831325302,0.003,0.012210200927357032
783,0.04893617021276596,0.026506024096385545,0.015,0.00927357032457496
784,0.3893617021276596,0.050602409638554224,0.043,0.11978361669242658
785,0.39361702127659576,0.0963855421686747,0.01,0.12704791344667699
786,0.3351063829787234,0.025301204819277112,0.013999999999999999,0.11360123647604327
787,0.5765957446808511,0.4855421686746988,0.424,0.01777434312210201
788,0.022340425531914895,0.020481927710843374,0.004,0.0058732612055641415
789,0.047872340425531915,0.026506024096385545,0.003,0.015919629057187017
790,0.04468085106382979,0.04578313253012048,0.006,0.01205564142194745
791,0.12021276595744682,0.21807228915662655,0.040999999999999995,0.0013910355486862441
792,0.46808510638297873,0.04578313253012048,0.185,0.09969088098918083
793,0.19861702127659572,0.01927710843373494,0.016,0.061205564142194746
794,0.3595744680851064,0.01807228915662651,0.012,0.12411128284389489
795,0.2553191489361702,0.012048192771084338,0.04,0.08346213292117464
796,0.4521276595744681,0.01927710843373494,0.08800000000000001,0.13075734157650695
797,0.6287234042553191,0.06746987951807229,0.42100000000000004,0.07341576506955177
798,0.3893617021276596,0.050602409638554224,0.043,0.012210200927357032
799,0.3095744680851064,0.04337349397590362,0.111,0.06816074188562597
800,0.19361702127659575,0.012048192771084338,0.01,0.062442040185471406
801,0.1347872340425532,0.008433734939759036,0.006999999999999999,0.08856259659969087
802,0.3148936170212766,0.016867469879518072,0.013999999999999999,0.10262751159196291
803,0.32340425531914896,0.06385542168674699,0.07,0.08485316846986089
804,0.23085106382978723,0.014457831325301205,0.005,0.082225656877898
805,0.41840425531914893,0.032530120481927716,0.027000000000000003,0.12256568778979907
806,0.4042553191489362,0.012048192771084338,0.01,0.14219474497681608
807,0.2351063829787234,0.09036144578313253,0.102,0.03833075734157651
808,0.19148936170212766,0.060240963855421686,0.05,0.04945904173106646
809,0.5446808510638298,0.3132530120481928,0.26,0.09335394126738794
810,0.26276595744680853,0.03493975903614458,0.042,0.07650695517774343
811,0.11808510638297873,0.05421686746987952,0.011000000000000001,0.031993817619783614
812,0.023404255319148935,0.004819277108433735,0.002,0.007264296754250387
813,0.06702127659574468,0.024096385542168676,0.027000000000000003,0.014064914992272025
814,0.08829787234042553,0.23012048192771087,0.002,0.0
815,0.5478723404255319,0.3686746987951808,0.42100000000000004,0.02132921174652241
816,0.2574468085106383,0.22891566265060243,0.17,0.00463678516228748
817,0.018085106382978725,0.007228915662650603,0.002,0.0058732612055641415
818,0.05425531914893617,0.020481927710843374,0.005,0.015455950540958269
819,0.027659574468085108,0.007228915662650603,0.001,0.01035548686244204
820,0.03404255319148936,0.013253012048192772,0.001,0.010200927357032456
821,0.17691489361702128,0.032530120481927716,0.039,0.04559505409582689
822,0.09042553191489362,0.06867469879518073,0.003,0.023802163833075735
823,0.1574468085106383,0.12771084337349398,0.005,0.04049459041731066
824,0.15106382978723404,0.13253012048192772,0.025,0.031530139103554865
825,0.3904255319148936,0.5590361445783133,0.054000000000000006,0.05023183925811437
826,0.3574468085106383,0.28674698795180725,0.012,0.09227202472952087
827,0.059574468085106386,0.010843373493975905,0.002,0.022102009273570325
828,0.03617021276595745,0.026506024096385545,0.003,0.008500772797527048
829,0.44893617021276594,0.010843373493975905,0.10800000000000001,0.12426584234930449
830,0.41382978723404257,0.07951807228915662,0.157,0.08578052550231839
831,0.1851063829787234,0.20481927710843376,0.1,0.00463678516228748
832,0.15,0.27710843373493976,0.015,0.011746522411128283
833,0.16914893617021276,0.060240963855421686,0.109,0.015610510046367852
834,0.22021276595744682,0.0891566265060241,0.154,0.014837712519319937
835,0.4308510638297872,0.05783132530120482,0.051,0.1312210200927357
836,0.015957446808510637,0.012048192771084338,0.004,0.0029366306027820708
837,0.9595744680851064,0.0,1.0,0.0
838,0.6702127659574468,0.10963855421686747,0.65,0.0017001545595054096
839,0.39574468085106385,0.14457831325301207,0.294,0.022256568778979906
840,0.8702127659574468,0.01807228915662651,0.9,0.0
841,0.03617021276595745,0.006024096385542169,0.008,0.009582689335394128
842,0.03829787234042553,0.0,0.0,0.015455950540958269
843,0.031914893617021274,0.0,0.0,0.012364760432766615
844,0.23542553191489363,0.04578313253012048,0.036000000000000004,0.06707882534775889
845,0.3404255319148936,0.042168674698795185,0.057,0.09845440494590417
846,0.1925531914893617,0.033734939759036145,0.012,0.06151468315301391
847,0.035106382978723406,0.02289156626506024,0.001,0.01143740340030912
848,0.2553191489361702,0.09397590361445783,0.005,0.07928902627511591
849,0.4117021276595745,0.1927710843373494,0.22,0.00463678516228748
850,0.08404255319148936,0.027710843373493974,0.052000000000000005,0.008964451313755796
851,0.02021276595744681,0.010843373493975905,0.001,0.006491499227202473
852,0.23085106382978723,0.13253012048192772,0.017,0.007882534775888716
853,0.02872340425531915,0.004819277108433735,0.002,0.00927357032457496
854,0.17372340425531915,0.033734939759036145,0.022000000000000002,0.05100463678516229
855,0.04042553191489362,0.013253012048192772,0.003,0.011746522411128283
856,0.17446808510638298,0.02168674698795181,0.021,0.05332302936630603
857,0.3127659574468085,0.0036144578313253013,0.0,0.12287480680061824
858,0.3627659574468085,0.0036144578313253013,0.0,0.13137557959814528
859,0.3861702127659575,0.10481927710843374,0.004,0.12163833075734158
860,0.06702127659574468,0.02891566265060241,0.004,0.019165378670788255
861,0.04680851063829787,0.008433734939759036,0.002,0.01731066460587326
862,0.06702127659574468,0.006024096385542169,0.002,0.025811437403400306
863,0.04893617021276596,0.004819277108433735,0.002,0.01839258114374034
864,0.07659574468085106,0.00963855421686747,0.002,0.02890262751159196
865,0.059574468085106386,0.004819277108433735,0.002,0.02256568778979907
866,0.09148936170212767,0.008433734939759036,0.005,0.030602782071097373
867,0.14148936170212767,0.012048192771084338,0.001,0.04961360123647605
868,0.06276595744680852,0.006024096385542169,0.004,0.023338485316846985
869,0.055319148936170216,0.008433734939759036,0.0,0.01901081916537867
870,0.06702127659574468,0.007228915662650603,0.006,0.0241112828438949
871,0.7659574468085106,0.007228915662650603,0.81,0.0006182380216383308
872,0.15319148936170213,0.042168674698795185,0.012,0.04605873261205564
873,0.23085106382978723,0.030120481927710843,0.01,0.07666151468315302
874,0.11063829787234043,0.014457831325301205,0.005,0.036630602782071094
875,0.2822340425531915,0.05662650602409639,0.055,0.07619783616692426
876,0.16276595744680852,0.05421686746987952,0.042,0.03755795981452859
877,0.2957446808510638,0.06144578313253012,0.086,0.0695517774343122
878,0.2127659574468085,0.10722891566265061,0.051,0.04559505409582689
879,0.3925531914893617,0.025301204819277112,0.07,0.11452859350850077
880,0.09574468085106383,0.014457831325301205,0.001,0.03261205564142195
881,0.2936170212765957,0.0,0.001,0.10973724884080371
882,0.07021276595744681,0.060240963855421686,0.006999999999999999,0.0205564142194745
883,0.039361702127659576,0.007228915662650603,0.004,0.01205564142194745
884,0.3425531914893617,0.672289156626506,0.02,0.03508500772797527
885,0.7712765957446809,0.006024096385542169,0.816,0.0021638330757341576
886,0.06914893617021277,0.020481927710843374,0.002,0.024884080370942814
887,0.3819148936170213,0.13855421686746988,0.068,0.09953632148377126
888,0.09361702127659574,0.007228915662650603,0.033,0.021638330757341576
889,0.07553191489361702,0.0024096385542168677,0.008,0.02457496136012365
890,0.3606382978723404,0.12048192771084337,0.017,0.009737248840803708
891,0.12021276595744682,0.03614457831325302,0.032,0.027975270479134468
892,0.10851063829787234,0.0746987951807229,0.039,0.01622874806800618
893,0.12127659574468086,0.06385542168674699,0.03,0.02534775888717156
894,0.09148936170212767,0.007228915662650603,0.033,0.021638330757341576
895,0.37553191489361704,0.0036144578313253013,0.0,0.13601236476043277
896,0.10851063829787234,0.03614457831325302,0.021,0.02751159196290572
897,0.4978723404255319,0.09156626506024096,0.204,0.0964451313755796
898,0.35851063829787233,0.09518072289156627,0.11800000000000001,0.07727975270479134
899,0.11170212765957448,0.07108433734939759,0.049,0.014528593508500774
900,0.2021276595744681,0.0024096385542168677,0.004,0.07187017001545595
901,0.9595744680851064,0.0,1.0,0.0
902,0.9595744680851064,0.0,1.0,0.0
903,0.9595744680851064,0.0,1.0,0.0
904,0.9393617021276596,0.0,0.9990000000000001,0.0
905,0.9255319148936171,0.012048192771084338,0.98,0.0
906,0.9595744680851064,0.0,1.0,0.0
907,0.9595744680851064,0.0,1.0,0.0
908,0.9404255319148936,0.0,1.0,0.0
909,0.3670212765957447,0.10240963855421688,0.022000000000000002,0.1205564142194745
910,0.23191489361702128,0.00963855421686747,0.16,0.07758887171561052
911,0.13617021276595745,0.0963855421686747,0.1,0.002009273570324575
912,0.035106382978723406,0.027710843373493974,0.005,0.007264296754250387
913,0.35106382978723405,0.21445783132530122,0.23399999999999999,0.018701700154559506
914,0.5085106382978724,0.4614457831325301,0.33899999999999997,0.007882534775888716
915,0.055319148936170216,0.004819277108433735,0.002,0.021174652241112826
916,0.06170212765957447,0.008433734939759036,0.002,0.0205564142194745
917,0.17553191489361702,0.050602409638554224,0.001,0.05672333848531685
918,0.1127659574468085,0.014457831325301205,0.003,0.04265842349304482
919,0.05425531914893617,0.024096385542168676,0.004,0.017465224111282845
920,0.19148936170212766,0.03614457831325302,0.003,0.06151468315301391
921,0.15851063829787235,0.033734939759036145,0.004,0.05023183925811437
922,0.2042553191489362,0.04578313253012048,0.08800000000000001,0.03771251931993817
923,0.2936170212765957,0.03855421686746988,0.032,0.04667697063369397
924,0.2021276595744681,0.05662650602409639,0.075,0.0401854714064915
925,0.3797872340425532,0.10602409638554218,0.005,0.12287480680061824
926,0.22021276595744682,0.042168674698795185,0.05,0.05734157650695518
927,0.1648936170212766,0.12409638554216869,0.042,0.029520865533230294
928,0.1276595744680851,0.02891566265060241,0.004,0.0401854714064915
929,0.269468085106383,0.051807228915662654,0.21,0.018083462132921172
930,0.20851063829787234,0.1746987951807229,0.083,0.02457496136012365
931,0.6382978723404256,0.16867469879518074,0.41700000000000004,0.06491499227202473
932,0.4117021276595745,0.06385542168674699,0.076,0.11483771251931993
933,0.009574468085106383,0.025301204819277112,0.06,0.01097372488408037
934,0.19893617021276597,0.1566265060240964,0.06,0.03493044822256569
935,0.4,0.17951807228915664,0.06,0.10154559505409583
936,0.38648936170212767,0.23253012048192773,0.193,0.06228748068006182
937,0.3021276595744681,0.14457831325301207,0.14400000000000002,0.021020092735703245
938,0.3262765957446808,0.10843373493975904,0.18,0.04173106646058732
939,0.37340425531914895,0.13253012048192772,0.053,0.101854714064915
940,0.14042553191489363,0.1530120481927711,0.038,0.021174652241112826
941,0.19893617021276597,0.1566265060240964,0.06,0.03493044822256569
942,0.39148936170212767,0.0819277108433735,0.32,0.020401854714064912
943,0.3404255319148936,0.08795180722891567,0.187,0.04791344667697063
944,0.0425531914893617,0.024096385542168676,0.02,0.00463678516228748
945,0.08085106382978724,0.06265060240963856,0.018000000000000002,0.016383307573415763
946,0.3070212765957447,0.10000000000000002,0.08900000000000001,0.06846986089644512
947,0.12234042553191489,0.01807228915662651,0.06,0.021638330757341576
948,0.11808510638297873,0.0036144578313253013,0.027000000000000003,0.032766615146831525
949,1.0,0.43373493975903615,0.42,0.160741885625966
950,0.12446808510638298,0.1650602409638554,0.05,0.006646058732612055
951,0.13297872340425532,0.12530120481927712,0.086,0.0012364760432766616
952,0.37340425531914895,0.010843373493975905,0.009000000000000001,0.1312210200927357
953,0.3638297872340426,0.027710843373493974,0.001,0.1284389489953632
954,0.08191489361702128,0.042168674698795185,0.046,0.008346213292117466
955,0.5255319148936171,0.09036144578313253,0.364,0.06197836166924266
956,0.04468085106382979,0.0036144578313253013,0.002,0.016846986089644512
957,0.48936170212765956,0.3433734939759036,0.35200000000000004,0.011128284389489953
958,0.14234042553191492,0.03614457831325302,0.016,0.04173106646058732
959,0.06489361702127659,0.0024096385542168677,0.001,0.02302936630602782
960,0.0925531914893617,0.12650602409638556,0.025,0.008500772797527048
961,0.030851063829787233,0.013253012048192772,0.003,0.010200927357032456
962,0.01702127659574468,0.00963855421686747,0.002,0.005255023183925811
963,0.02021276595744681,0.012048192771084338,0.004,0.0055641421947449764
964,0.32659574468085106,0.05421686746987952,0.133,0.06553323029366305
965,0.3851063829787234,0.006024096385542169,0.003,0.13431221020092737
966,0.02446808510638298,0.02168674698795181,0.003,0.006955177743431221
967,0.16595744680851063,0.3373493975903615,0.04,0.0
968,0.0797872340425532,0.030120481927710843,0.027999999999999997,0.015455950540958269
969,0.23297872340425532,0.23734939759036144,0.136,0.0068006182380216385
970,0.1723404255319149,0.05903614457831326,0.03,0.04296754250386399
971,0.16595744680851063,0.050602409638554224,0.013999999999999999,0.04884080370942813
972,0.16170212765957448,0.05421686746987952,0.023,0.04358578052550232
973,0.22446808510638297,0.14819277108433737,0.061,0.041112828438949
974,0.25851063829787235,0.06265060240963856,0.073,0.060432766615146835
975,0.18404255319148938,0.08674698795180724,0.012,0.05162287480680061
976,0.39574468085106385,0.09397590361445783,0.363,0.005409582689335394
977,0.1851063829787234,0.15783132530120483,0.122,0.0034003091190108192
978,0.02021276595744681,0.007228915662650603,0.001,0.006027820710973725
979,0.2925531914893617,0.13975903614457832,0.11599999999999999,0.04667697063369397
980,0.027659574468085108,0.025301204819277112,0.001,0.007573415765069552
981,0.04893617021276596,0.006024096385542169,0.12,0.018856259659969087
982,0.08085106382978724,0.06265060240963856,0.018000000000000002,0.016383307573415763
983,0.425531914893617,0.0,0.0,0.14683153013910355
984,0.15106382978723404,0.12530120481927712,0.02,0.03400309119010819
985,0.05319148936170213,0.04457831325301205,0.01,0.013910355486862442
986,0.17127659574468085,0.24096385542168675,0.002,0.03709428129829984
987,0.23404255319148937,0.18072289156626506,0.001,0.061823802163833076
988,0.3670212765957447,0.28674698795180725,0.013999999999999999,0.09165378670788253
989,0.23404255319148937,0.18072289156626506,0.009000000000000001,0.05873261205564142
990,0.5468085106382978,0.012048192771084338,0.278,1.0
991,0.11382978723404255,0.19156626506024096,0.006,0.0006182380216383308
992,0.16702127659574467,0.3373493975903615,0.042,0.0
993,0.18085106382978725,0.3734939759036145,0.042,0.0
994,0.16276595744680852,0.3614457831325301,0.027999999999999997,0.0
995,0.15106382978723404,0.3253012048192771,0.03,0.0
996,0.13191489361702127,0.11445783132530121,0.096,0.0
997,0.10531914893617021,0.014457831325301205,0.002,0.03987635239567233
998,0.0723404255319149,0.01566265060240964,0.002,0.02658423493044822
999,0.1276595744680851,0.013253012048192772,0.002,0.04142194744976816
1000,0.1351063829787234,0.025301204819277112,0.003,0.04806800618238022
1001,0.23404255319148937,0.027710843373493974,0.023,0.009737248840803708
1002,0.12234042553191489,0.02289156626506024,0.002,0.04312210200927357
1003,0.12446808510638298,0.024096385542168676,0.003,0.04466769706336939
1004,0.10638297872340426,0.016867469879518072,0.005,0.03647604327666151
1005,0.11595744680851064,0.00963855421686747,0.005,0.04064914992272025
1006,0.15425531914893617,0.013253012048192772,0.003,0.05332302936630603
1007,0.1021276595744681,0.012048192771084338,0.002,0.0347758887171561
1008,0.10531914893617021,0.01566265060240964,0.002,0.03956723338485317
1009,0.1351063829787234,0.016867469879518072,0.002,0.05193199381761979
1010,0.1351063829787234,0.016867469879518072,0.002,0.0491499227202473
1011,0.1425531914893617,0.013253012048192772,0.005,0.05486862442040186
1012,0.1276595744680851,0.014457831325301205,0.002,0.0491499227202473
1013,0.12553191489361704,0.014457831325301205,0.002,0.04806800618238022
1014,0.10425531914893617,0.01566265060240964,0.012,0.03168469860896445
1015,0.6648936170212766,0.012048192771084338,0.0,0.012519319938176197
1016,0.12021276595744682,0.014457831325301205,0.002,0.04126738794435857
1017,0.047872340425531915,0.026506024096385545,0.003,0.015919629057187017
1018,0.035106382978723406,0.05421686746987952,0.004,0.004327666151468315
1019,0.2297872340425532,0.03132530120481928,0.031000000000000003,0.06862442040185471
1020,0.23829787234042554,0.31566265060240967,0.113,0.0068006182380216385
1021,0.11063829787234043,0.02289156626506024,0.040999999999999995,0.023338485316846985
1022,0.026595744680851064,0.01807228915662651,0.005,0.0055641421947449764
1023,0.08085106382978724,0.04939759036144578,0.011000000000000001,0.023493044822256566
1024,0.08085106382978724,0.04337349397590362,0.003,0.02256568778979907
1025,0.17340425531914894,0.026506024096385545,0.065,0.03678516228748068
1026,0.2127659574468085,0.012048192771084338,0.024,0.06769706336939721
1027,0.1446808510638298,0.5180722891566265,0.024,0.00463678516228748
1028,0.08085106382978724,0.14578313253012049,0.02,0.0037094281298299843
1029,0.07340425531914893,0.010843373493975905,0.001,0.027975270479134468
1030,0.011702127659574468,0.0,0.0,0.004173106646058733
1031,0.08085106382978724,0.006024096385542169,0.002,0.027820710973724884
1032,0.00425531914893617,0.0,0.0,0.0013910355486862441
1033,0.31382978723404253,0.08795180722891567,0.085,0.07341576506955177
1034,0.41914893617021276,0.026506024096385545,0.08800000000000001,0.11839258114374032
1035,0.3723404255319149,0.010843373493975905,0.004,0.13245749613601238
1036,0.06382978723404255,0.06506024096385543,0.025,0.0061823802163833074
1037,0.08617021276595745,0.19518072289156627,0.012,0.0010819165378670788
1038,0.3180851063829787,0.3542168674698795,0.036000000000000004,0.004945904173106646
1039,0.08617021276595745,0.19518072289156627,0.012,0.0010819165378670788
1040,0.02872340425531915,0.007228915662650603,0.003,0.0080370942812983
1041,0.3404255319148936,0.08674698795180724,0.042,0.09783616692426583
1042,0.4797872340425532,0.13493975903614458,0.20199999999999999,0.09227202472952087
1043,0.5287234042553192,0.20481927710843376,0.276,0.078516228748068
1044,0.2053191489361702,0.27228915662650605,0.079,0.01205564142194745
1045,0.5010638297872341,0.05662650602409639,0.218,0.09907264296754249
1046,0.0797872340425532,0.01927710843373494,0.006,0.024420401854714065
1047,0.35638297872340424,0.06385542168674699,0.035,0.10896445131375579
1048,0.3627659574468085,0.06626506024096386,0.162,0.0669242658423493
1049,0.3723404255319149,0.09036144578313253,0.02,0.11669242658423493
1050,0.26382978723404255,0.0963855421686747,0.012,0.07727975270479134
1051,0.2648936170212766,0.09518072289156627,0.015,0.0768160741885626
1052,0.16276595744680852,0.13614457831325302,0.084,0.012364760432766615
1053,0.043617021276595745,0.016867469879518072,0.003,0.012519319938176197
1054,0.5702127659574469,0.4879518072289157,0.41500000000000004,0.0
1055,0.11702127659574468,0.13855421686746988,0.02,0.018083462132921172
1056,0.21063829787234042,0.29638554216867474,0.107,0.0013910355486862441
1057,0.4776595744680851,0.3686746987951808,0.255,0.04930448222565687
1058,0.3595744680851064,0.007228915662650603,0.003,0.1284389489953632
1059,0.3776595744680851,0.007228915662650603,0.011000000000000001,0.13230293663060277
1060,0.24574468085106382,0.007228915662650603,0.002,0.0874806800618238
1061,0.3095744680851064,0.006024096385542169,0.04,0.09799072642967542
1062,0.24468085106382978,0.007228915662650603,0.002,0.08732612055641421
1063,0.48085106382978726,0.033734939759036145,0.14800000000000002,0.1187017001545595
1064,0.36914893617021277,0.010843373493975905,0.003,0.13168469860896445
1065,0.3872340425531915,0.0012048192771084338,0.002,0.13987635239567234
1066,0.3851063829787234,0.006024096385542169,0.003,0.13431221020092737
1067,0.37659574468085105,0.00963855421686747,0.083,0.10649149922720248
1068,0.06063829787234043,0.006024096385542169,0.001,0.021020092735703245
1069,0.05851063829787234,0.004819277108433735,0.002,0.019783616692426585
1070,0.0925531914893617,0.00963855421686747,0.004,0.031066460587326122
1071,0.298936170212766,0.02891566265060241,0.006999999999999999,0.10216383307573415
1072,0.12978723404255318,0.024096385542168676,0.1,0.011746522411128283
1073,0.3446808510638298,0.050602409638554224,0.34299999999999997,0.08593508500772798
1074,0.3446808510638298,0.050602409638554224,0.34299999999999997,0.00865533230293663
1075,0.10425531914893617,0.024096385542168676,0.004,0.03786707882534776
1076,0.225531914893617,0.21686746987951808,0.106,0.09165378670788253
1077,0.1148936170212766,0.21204819277108436,0.042,0.0
1078,0.19361702127659575,0.3855421686746988,0.06,0.0
1079,0.3202127659574468,0.6626506024096386,0.09,0.0
1080,0.2904255319148936,0.21084337349397592,0.22,0.0
1081,0.3074468085106383,0.1927710843373494,0.25,0.0
1082,0.1851063829787234,0.23614457831325303,0.1,0.0
1083,0.21382978723404256,0.22650602409638557,0.14,0.0
1084,0.4765957446808511,0.1746987951807229,0.423,0.0035548686244204013
1085,0.1946808510638298,0.14457831325301207,0.14400000000000002,0.0021638330757341576
1086,0.10425531914893617,0.26385542168674697,0.011000000000000001,0.0
1087,0.14574468085106385,0.18072289156626506,0.081,0.0013910355486862441
1088,0.2914893617021277,0.1927710843373494,0.22,0.00463678516228748
1089,0.08936170212765958,0.12650602409638556,0.046,0.0003091190108191654
1090,0.14042553191489363,0.23734939759036144,0.032,0.00927357032457496
1091,0.13085106382978723,0.12530120481927712,0.086,0.0012364760432766616
1092,0.3829787234042553,0.6903614457831325,0.06,0.029675425038639874
1093,0.2851063829787234,0.28795180722891567,0.127,0.02241112828438949
1094,0.13404255319148936,0.16867469879518074,0.07200000000000001,0.00231839258114374
1095,0.298936170212766,0.45180722891566266,0.003,0.04961360123647605
1096,0.3595744680851064,0.25421686746987954,0.27,0.0015455950540958269
1097,0.36595744680851067,0.3614457831325301,0.2,0.06646058732612055
1098,0.17659574468085107,0.027710843373493974,0.027999999999999997,0.0508500772797527
1099,0.30106382978723406,0.14578313253012049,0.168,0.03230293663060278
1100,0.11702127659574468,0.18674698795180725,0.005,0.01777434312210201
1101,0.19042553191489361,0.27108433734939763,0.035,0.0205564142194745
1102,0.2914893617021277,0.15542168674698797,0.18600000000000003,0.021020092735703245
1103,0.1347872340425532,0.16867469879518074,0.073,0.002009273570324575
1104,0.023404255319148935,0.027710843373493974,0.003,0.0061823802163833074
1105,0.009574468085106383,0.012048192771084338,0.001,0.0026275115919629057
1106,0.031914893617021274,0.02289156626506024,0.005,0.0068006182380216385
1107,0.02021276595744681,0.01566265060240964,0.002,0.004482225656877898
1108,0.09787234042553192,0.006024096385542169,0.011000000000000001,0.03462132921174652
1109,0.06808510638297872,0.012048192771084338,0.031000000000000003,0.012364760432766615
1110,0.11808510638297873,0.010843373493975905,0.023,0.03338485316846986
1111,0.09787234042553192,0.006024096385542169,0.011000000000000001,0.03462132921174652
1112,0.030851063829787233,0.008433734939759036,0.006,0.0077279752704791345
1113,0.052127659574468084,0.020481927710843374,0.003,0.015146831530139104
1114,0.18936170212765957,0.03132530120481928,0.139,0.016383307573415763
1115,0.14148936170212767,0.08795180722891567,0.066,0.01731066460587326
1116,0.06808510638297872,0.025301204819277112,0.006,0.019319938176197836
1117,0.03829787234042553,0.032530120481927716,0.006999999999999999,0.007418856259659969
1118,0.052127659574468084,0.03734939759036145,0.025,0.0055641421947449764
1119,0.02872340425531915,0.01566265060240964,0.02,0.0015455950540958269
1120,0.07127659574468086,0.06265060240963856,0.028999999999999998,0.007882534775888716
1121,0.06063829787234043,0.06506024096385543,0.026000000000000002,0.004791344667697064
1122,0.015957446808510637,0.014457831325301205,0.002,0.004482225656877898
1123,0.018085106382978725,0.020481927710843374,0.003,0.00463678516228748
1124,0.02021276595744681,0.032530120481927716,0.002,0.004482225656877898
1125,0.02127659574468085,0.012048192771084338,0.001,0.007109737248840803
1126,0.029787234042553193,0.006024096385542169,0.002,0.010664605873261205
1127,0.2047872340425532,0.05421686746987952,0.06,0.04683153013910356
1128,0.06808510638297872,0.007228915662650603,0.003,0.02287480680061824
1129,0.37553191489361704,0.008433734939759036,0.002,0.13091190108191653
1130,0.09361702127659574,0.09518072289156627,0.016,0.016383307573415763
1131,0.3170212765957447,0.0963855421686747,0.23800000000000002,0.07557959814528593
1132,0.5085106382978724,0.030120481927710843,0.212,0.10695517774343122
1133,0.22659574468085106,0.0,0.0,0.08500772797527048
1134,0.09361702127659574,0.03855421686746988,0.08,0.0012364760432766616
1135,0.5042553191489362,0.13493975903614458,0.425,0.018083462132921172
1136,0.08617021276595745,0.06144578313253012,0.045,0.007882534775888716
1137,0.30319148936170215,0.012048192771084338,0.18,0.04327666151468315
1138,0.15531914893617021,0.014457831325301205,0.003,0.0536321483771252
1139,0.18404255319148938,0.006024096385542169,0.001,0.06568778979907264
1140,0.10138297872340425,0.05301204819277109,0.022000000000000002,0.022256568778979906
1141,0.06914893617021277,0.012048192771084338,0.003,0.02519319938176198
1142,0.22659574468085106,0.0,0.0,0.08500772797527048
1143,0.07553191489361702,0.09036144578313253,0.036000000000000004,0.0034003091190108192
1144,0.052127659574468084,0.06987951807228916,0.005,0.008191653786707881
1145,0.0723404255319149,0.10843373493975904,0.019,0.00571870170015456
1146,0.03617021276595745,0.06626506024096386,0.008,0.0017001545595054096
1147,0.07553191489361702,0.0891566265060241,0.026000000000000002,0.006955177743431221
1148,0.012765957446808512,0.006024096385542169,0.001,0.0030911901081916537
1149,0.015957446808510637,0.007228915662650603,0.001,0.004791344667697064
1150,0.09468085106382979,0.08674698795180724,0.05,0.006027820710973725
1151,0.04468085106382979,0.046987951807228916,0.017,0.004327666151468315
1152,0.11702127659574468,0.03493975903614458,0.095,0.004945904173106646
1153,0.14361702127659576,0.030120481927710843,0.08800000000000001,0.01777434312210201
1154,0.13563829787234044,0.03132530120481928,0.094,0.012828438948995364
1155,0.09787234042553192,0.14216867469879518,0.043,0.0021638330757341576
1156,0.04042553191489362,0.03132530120481928,0.023,0.0027820710973724882
1157,0.06382978723404255,0.042168674698795185,0.045,0.002009273570324575
1158,0.1351063829787234,0.07108433734939759,0.066,0.017001545595054096
1159,0.1,0.03614457831325302,0.068,0.007882534775888716
1160,0.0797872340425532,0.04337349397590362,0.052000000000000005,0.005409582689335394
1161,0.0851063829787234,0.03855421686746988,0.035,0.013910355486862442
1162,0.09148936170212767,0.027710843373493974,0.085,0.0
1163,0.12457446808510637,0.004819277108433735,0.086,0.014837712519319937
1164,0.1478723404255319,0.0891566265060241,0.021,0.03493044822256569
1165,0.1074468085106383,0.020481927710843374,0.006,0.05440494590417311
1166,0.0797872340425532,0.06746987951807229,0.004,0.018856259659969087
1167,0.12659574468085105,0.016867469879518072,0.002,0.04343122102009274
1168,0.13404255319148936,0.01927710843373494,0.002,0.03786707882534776
1169,0.4446808510638298,0.22891566265060243,0.09,0.10123647604327667
1170,0.5457446808510639,0.29638554216867474,0.3,0.055950540958268936
1171,0.06808510638297872,0.051807228915662654,0.023,0.010200927357032456
1172,0.043617021276595745,0.042168674698795185,0.025,0.0077279752704791345
1173,0.3574468085106383,0.09879518072289156,0.1,0.08500772797527048
1174,0.14680851063829786,0.08433734939759037,0.079,0.015301391035548687
1175,0.1702127659574468,0.07590361445783132,0.12,0.01097372488408037
1176,0.06489361702127659,0.03855421686746988,0.035,0.006646058732612055
1177,0.03829787234042553,0.042168674698795185,0.001,0.007882534775888716
1178,0.3819148936170213,0.42891566265060244,0.01,0.080370942812983
1179,0.03829787234042553,0.042168674698795185,0.001,0.007882534775888716
1180,0.0925531914893617,0.06385542168674699,0.052000000000000005,0.009737248840803708
1181,0.09574468085106383,0.01807228915662651,0.001,0.033848531684698605
1182,0.07340425531914893,0.012048192771084338,0.001,0.02426584234930448
1183,0.07872340425531915,0.016867469879518072,0.001,0.02658423493044822
1184,0.36914893617021277,0.006024096385542169,0.009000000000000001,0.13013910355486863
1185,0.0723404255319149,0.09397590361445783,0.046,0.002472952086553323
1186,0.12234042553191489,0.11686746987951807,0.085,0.0038639876352395673
1187,0.34893617021276596,0.15180722891566265,0.19899999999999998,0.03802163833075734
1188,0.1574468085106383,0.16626506024096388,0.085,0.0061823802163833074
1189,0.1276595744680851,0.01807228915662651,0.003,0.04358578052550232
1190,0.17340425531914894,0.027710843373493974,0.005,0.0562596599690881
1191,0.12234042553191489,0.02168674698795181,0.005,0.04003091190108191
1192,0.1276595744680851,0.01807228915662651,0.003,0.04358578052550232
1193,0.10425531914893617,0.02289156626506024,0.002,0.036630602782071094
1194,0.17659574468085107,0.12530120481927712,0.049,0.03724884080370943
1195,0.09361702127659574,0.03855421686746988,0.021,0.021638330757341576
1196,0.08085106382978724,0.10843373493975904,0.026000000000000002,0.009891808346213293
1197,0.029787234042553193,0.03614457831325302,0.008,0.0061823802163833074
1198,0.03617021276595745,0.04457831325301205,0.012,0.006646058732612055
1199,0.11063829787234043,0.15542168674698797,0.068,0.0018547140649149921
1200,0.10531914893617021,0.020481927710843374,0.003,0.03462132921174652
1201,0.17659574468085107,0.04578313253012048,0.01,0.05316846986089644
1202,0.18297872340425533,0.03614457831325302,0.005,0.05795981452859351
1203,0.1797872340425532,0.016867469879518072,0.003,0.062132921174652245
1204,0.38085106382978723,0.09036144578313253,0.043,0.10880989180834622
1205,0.2946808510638298,0.10963855421686747,0.047,0.07666151468315302
1206,0.026595744680851064,0.05542168674698795,0.004,0.00463678516228748
1207,0.08829787234042553,0.12530120481927712,0.034,0.004327666151468315
1208,0.14042553191489363,0.23493975903614459,0.006999999999999999,0.10479134466769706
1209,0.3191489361702128,0.3409638554216868,0.048,0.08284389489953632
1210,0.3180851063829787,0.29036144578313255,0.035,0.09119010819165378
1211,0.03617021276595745,0.024096385542168676,0.001,0.012210200927357032
1212,0.3127659574468085,0.10000000000000002,0.017,0.11221020092735702
1213,0.05638297872340425,0.02289156626506024,0.009000000000000001,0.014528593508500774
1214,0.1723404255319149,0.15421686746987953,0.115,0.0010819165378670788
1215,0.3840425531914894,0.23253012048192773,0.319,0.0010819165378670788
1216,0.05319148936170213,0.13012048192771086,0.0,0.0012364760432766616
1217,0.4074468085106383,0.1819277108433735,0.329,0.012828438948995364
1218,0.2670212765957447,0.1963855421686747,0.19399999999999998,0.0021638330757341576
1219,0.19042553191489361,0.163855421686747,0.133,0.0068006182380216385
1220,0.4106382978723404,0.20481927710843376,0.35000000000000003,0.0012364760432766616
1221,0.0574468085106383,0.13253012048192772,0.0,0.0012364760432766616
1222,0.0574468085106383,0.13253012048192772,0.0,0.0012364760432766616
1223,0.3404255319148936,0.1819277108433735,0.305,0.0013910355486862441
1224,0.3202127659574468,0.24096385542168675,0.237,0.0
1225,0.19893617021276597,0.13132530120481928,0.12400000000000001,0.012210200927357032
1226,0.2074468085106383,0.163855421686747,0.136,0.0021638330757341576
1227,0.12340425531914893,0.12891566265060242,0.07,0.002472952086553323
1228,0.15319148936170213,0.14457831325301207,0.102,0.0
1229,0.4521276595744681,0.3734939759036145,0.28,0.015455950540958269
1230,0.12659574468085105,0.05301204819277109,0.035,0.028284389489953633
1231,0.07765957446808511,0.06867469879518073,0.013000000000000001,0.006491499227202473
1232,0.08085106382978724,0.0819277108433735,0.006999999999999999,0.016383307573415763
1233,0.34893617021276596,0.2216867469879518,0.23199999999999998,0.019783616692426585
1234,0.1478723404255319,0.15060240963855423,0.008,0.033848531684698605
1235,0.225531914893617,0.21084337349397592,0.1,0.019938176197836166
1236,0.15212765957446808,0.14457831325301207,0.055,0.017619783616692426
1237,0.3723404255319149,0.29518072289156627,0.266,0.0160741885625966
1238,0.21382978723404256,0.25060240963855424,0.08800000000000001,0.02086553323029366
1239,0.15,0.12289156626506025,0.013000000000000001,0.03585780525502318
1240,0.15531914893617021,0.14096385542168674,0.023,0.030293663060278208
1241,0.13936170212765958,0.21686746987951808,0.008,0.02009273570324575
1242,0.1595744680851064,0.16867469879518074,0.077,0.014064914992272025
1243,0.3574468085106383,0.24096385542168675,0.28,0.01205564142194745
1244,0.2553191489361702,0.07228915662650603,0.027000000000000003,0.07619783616692426
1245,0.11702127659574468,0.020481927710843374,0.013000000000000001,0.033848531684698605
1246,0.13404255319148936,0.013253012048192772,0.022000000000000002,0.03972179289026275
1247,0.3776595744680851,0.008433734939759036,0.002,0.13168469860896445
1248,0.3872340425531915,0.08433734939759037,0.005,0.12364760432766615
1249,0.37553191489361704,0.08433734939759037,0.005,0.12364760432766615
1250,0.37553191489361704,0.00963855421686747,0.017,0.12921174652241113
1251,0.3861702127659575,0.013253012048192772,0.005,0.13632148377125194
1252,0.3776595744680851,0.008433734939759036,0.002,0.13168469860896445
1253,0.3872340425531915,0.05421686746987952,0.01,0.12905718701700156
1254,0.33617021276595743,0.7240963855421687,0.065,0.03462132921174652
1255,0.3776595744680851,0.1108433734939759,0.039,0.11391035548686244
1256,0.3776595744680851,0.1108433734939759,0.039,0.11391035548686244
1257,0.4127659574468085,0.22891566265060243,0.075,0.09459041731066462
1258,0.36914893617021277,0.43253012048192774,0.20600000000000002,0.04621329211746522
1259,0.36914893617021277,0.0036144578313253013,0.001,0.13230293663060277
1260,0.3723404255319149,0.014457831325301205,0.006,0.13137557959814528
1261,0.3595744680851064,0.03493975903614458,0.004,0.12457496136012364
1262,0.37553191489361704,0.008433734939759036,0.002,0.13091190108191653
1263,0.3468085106382979,0.04819277108433735,0.004,0.11854714064914992
1264,0.3861702127659575,0.013253012048192772,0.005,0.13632148377125194
1265,0.37553191489361704,0.03493975903614458,0.005,0.1304482225656878
1266,0.5414893617021277,0.29638554216867474,0.3,0.055950540958268936
1267,0.4446808510638298,0.22891566265060243,0.09,0.10123647604327667
1268,0.3851063829787234,0.42891566265060244,0.01,0.080370942812983
1269,0.35319148936170214,0.06867469879518073,0.006,0.11761978361669241
1270,0.38829787234042556,0.10722891566265061,0.013000000000000001,0.11947449768160741
1271,0.37659574468085105,0.033734939759036145,0.006,0.1304482225656878
1272,0.1648936170212766,0.26867469879518074,0.028999999999999998,0.015301391035548687
1273,0.20319148936170214,0.3987951807228916,0.036000000000000004,0.010200927357032456
1274,0.1851063829787234,0.3614457831325301,0.035,0.005409582689335394
1275,0.1851063829787234,0.3614457831325301,0.035,0.00865533230293663
1276,0.38829787234042556,0.2855421686746988,0.223,0.02704791344667697
1277,0.49148936170212765,0.47108433734939764,0.324,0.005409582689335394
1278,0.025531914893617023,0.013253012048192772,0.002,0.008500772797527048
1279,0.30319148936170215,0.051807228915662654,0.257,0.014683153013910355
1280,0.04148936170212766,0.027710843373493974,0.019,0.0030911901081916537
1281,0.05106382978723405,0.01807228915662651,0.003,0.017465224111282845
1282,0.047872340425531915,0.02289156626506024,0.008,0.011591962905718702
1283,0.02446808510638298,0.02168674698795181,0.001,0.007573415765069552
1284,0.029787234042553193,0.013253012048192772,0.002,0.008500772797527048
1285,0.055319148936170216,0.025301204819277112,0.011000000000000001,0.01329211746522411
1286,0.055319148936170216,0.013253012048192772,0.004,0.01731066460587326
1287,0.026595744680851064,0.025301204819277112,0.001,0.008191653786707881
1288,0.02446808510638298,0.02168674698795181,0.001,0.007573415765069552
1289,0.06276595744680852,0.03493975903614458,0.003,0.021483771251931995
1290,0.1276595744680851,0.02891566265060241,0.004,0.0401854714064915
1291,0.035106382978723406,0.014457831325301205,0.013000000000000001,0.00633693972179289
1292,0.548936170212766,0.21325301204819277,0.495,0.0
1293,0.3776595744680851,0.0746987951807229,0.012,0.12333848531684698
1294,0.37553191489361704,0.02891566265060241,0.011000000000000001,0.12890262751159198
1295,0.42021276595744683,0.03855421686746988,0.085,0.11823802163833075
1296,0.41702127659574467,0.06506024096385543,0.28500000000000003,0.04389489953632148
1297,0.09957446808510638,0.05301204819277109,0.018000000000000002,0.023338485316846985
1298,0.02446808510638298,0.03493975903614458,0.002,0.00633693972179289
1299,0.03723404255319149,0.060240963855421686,0.002,0.008964451313755796
1300,0.07127659574468086,0.10843373493975904,0.026000000000000002,0.009891808346213293
1301,0.029787234042553193,0.03614457831325302,0.008,0.0061823802163833074
1302,0.02127659574468085,0.012048192771084338,0.002,0.005409582689335394
1303,0.02127659574468085,0.012048192771084338,0.003,0.006491499227202473
1304,0.025531914893617023,0.01566265060240964,0.005,0.007264296754250387
1305,0.025531914893617023,0.024096385542168676,0.006999999999999999,0.005100463678516228
1306,0.20106382978723406,0.13614457831325302,0.157,0.0009273570324574961
1307,0.05106382978723405,0.016867469879518072,0.042,0.00401854714064915
1308,0.19787234042553192,0.02289156626506024,0.002,0.06846986089644512
1309,0.1702127659574468,0.04457831325301205,0.013000000000000001,0.08547140649149922
1310,0.10638297872340426,0.008433734939759036,0.003,0.03678516228748068
1311,0.12659574468085105,0.006024096385542169,0.004,0.03879443585780526
1312,0.08829787234042553,0.01807228915662651,0.002,0.029057187017001548
1313,0.13085106382978723,0.02168674698795181,0.006999999999999999,0.04312210200927357
1314,0.16063829787234044,0.01927710843373494,0.003,0.05471406491499227
1315,0.13085106382978723,0.02168674698795181,0.006999999999999999,0.04312210200927357
1316,0.12127659574468086,0.016867469879518072,0.096,0.03956723338485317
1317,0.19574468085106383,0.016867469879518072,0.003,0.0347758887171561
1318,0.1148936170212766,0.006024096385542169,0.004,0.03956723338485317
1319,0.17553191489361702,0.010843373493975905,0.002,0.06151468315301391
1320,0.08723404255319149,0.06987951807228916,0.013000000000000001,0.018083462132921172
1321,0.059574468085106386,0.13734939759036147,0.006,0.0018547140649149921
1322,0.08617021276595745,0.19879518072289157,0.003,0.00463678516228748
1323,0.31382978723404253,0.7518072289156627,0.023,0.0027820710973724882
1324,0.2957446808510638,0.7542168674698796,0.040999999999999995,0.0034003091190108192
1325,0.2904255319148936,0.5759036144578313,0.038,0.019319938176197836
1326,0.09680851063829787,0.2530120481927711,0.002,0.0001545595054095827
1327,0.4042553191489362,0.14337349397590363,0.303,0.02302936630602782
1328,0.25638297872340426,0.06987951807228916,0.21600000000000003,0.008964451313755796
1329,0.1276595744680851,0.033734939759036145,0.005,0.12720247295208656
1330,0.03617021276595745,0.02891566265060241,0.003,0.008500772797527048
1331,0.13829787234042554,0.16867469879518074,0.07200000000000001,0.00231839258114374
1332,0.1074468085106383,0.024096385542168676,0.002,0.030602782071097373
1333,0.3861702127659575,0.10481927710843374,0.004,0.12163833075734158
1334,0.3223404255319149,0.07590361445783132,0.027000000000000003,0.09783616692426583
1335,0.047872340425531915,0.00963855421686747,0.009000000000000001,0.012519319938176197
1336,0.451063829787234,0.01566265060240964,0.107,0.12472952086553324
1337,0.6042553191489362,0.23253012048192773,0.511,0.027975270479134468
1338,0.3776595744680851,0.03855421686746988,0.151,0.0794435857805255
1339,0.15212765957446808,0.03734939759036145,0.078,0.023183925811437404
1340,0.48085106382978726,0.1746987951807229,0.423,0.0035548686244204013
1341,0.04468085106382979,0.014457831325301205,0.006,0.014374034003091191
1342,0.039361702127659576,0.012048192771084338,0.006,0.012828438948995364
1343,0.029787234042553193,0.008433734939759036,0.005,0.009737248840803708
1344,0.2702127659574468,0.03614457831325302,0.011000000000000001,0.08979907264296755
1345,0.055319148936170216,0.03975903614457831,0.025,0.0061823802163833074
